Item Code,Item Name,Artikelbeschreibung,Listenpreis,Währung für Listenpreis,EAN Code
A1001,INSTRUCTION MANUAL MTC,BAUANLEITUNG  MTC,3.9076,EUR,4944925036149
A1002,MTC2 INSTRUCTION MANUAL,Bauanleitung MTC-2,4.3692000000000002,EUR,4944925041341
A1003,MTC2 FWD INSTRUCTION MANUAL,Bauanleitung MTC-2 FWD,3.5384000000000002,EUR,4944925042287
A1005,Bauanleitung MTC-2R,Bauanleitung MTC-2R,3.5384000000000002,EUR,4944925902109
A2101L,FRONT UPPER BULKHEAD LEFT,BULKHEAD VORDERACHSE OBEN LINKS,14.2746,EUR,4944925034985
A2101R,FRONT UPPER BULKHEAD RIGHT,BULKHEAD VORDERACHSE OBEN RECHTS,14.2746,EUR,4944925034992
A2102,REAR UPPER BULKHEAD,BULKHEAD HINTERACHSE OBEN,9.7139000000000006,EUR,4944925035005
A2103,LOWER BULKHEAD,BULKHEAD UNTEN,24.965699999999998,EUR,4944925035012
A2104,LOWER ARM MOUNT SEPARATE (2),QUERLENKERHALTER UNTEN (2),18.0061,EUR,4944925035029
A2105A,LOWER ARM MOUNT FF,QUERLENKERHALTER VORDERACHSE UNTEN (VORNE),14.244999999999999,EUR,4944925035036
A2105B,LOWER ARM MOUNT FR,QUERLENKERHALTER VORDERACHSE UNTEN (HINTEN),14.244999999999999,EUR,4944925035043
A2106A,LOWER ARM MOUNT RR,QUERLENKERHALTER HINTERACHSE UNTEN (HINTEN),14.185700000000001,EUR,4944925035050
A2107,LOWER ARM BUSHING,QUERLENKERHALTER BUCHSEN UNTEN,5.2061000000000002,EUR,4944925035067
A2108,FRONT LOWER ARM,QUERLENKER VORDERACHSE UNTEN (1),7.0061999999999998,EUR,4944925035074
A2109,REAR LOWER ARM,QUERLENKER HINTERACHSE UNTEN (1),6.4710999999999999,EUR,4944925035081
A2110a,FRONT UPPER ARM,QUERLENKER VORDERACHSE OBEN (1),7.0061999999999998,EUR,4944925045158
A2111L,FRONT UPPER ARM MOUNT L,QUERLENKERHALTER VORDERACHSE OBEN LINKS,15.518599999999999,EUR,4944925035104
A2111R,FRONT UPPER ARM MOUNT R,QUERLENKERHALTER VORDERACHSE OBEN RECHTS,15.518599999999999,EUR,4944925035111
A2113,FRONT UPPER ARM PIN,QUERLENKER STIFT VORDERACHSE OBEN,4.0487000000000002,EUR,4944925035128
A2115,FRONT UPRIGHT,ACHSTRÄGER VORNE,6.2275999999999998,EUR,4944925035135
A2116,REAR UPRIGHT,ACHSTRÄGER HINTERACHSE,5.4002999999999997,EUR,4944925035142
A2117,FRONT CASTER BLOCK,FRONT NACHLAUF BLOCK,12.8817,EUR,4944925035159
A2118,FRONT CASTER BLOCK PIN (2),FRONT CASTER BLOCK PIN (2),3.7698,EUR,4944925035166
A2119,CASTER BLOCK BUSHING (2),CASTER BLOCK BUSHING (2),3.7698,EUR,4944925035173
A2120,REAR UPRIGHT PIN (2),QUERLENKER STIFT HINTERACHSE (2),5.3983999999999996,EUR,4944925035180
A2121,REAR CAMBER LINK MOUNT,REAR CAMBER LINK MOUNT,9.4937000000000005,EUR,4944925035197
A2122,ARB BUSHING (2),BUCHSE (2),9.8198000000000008,EUR,4944925035203
A2123,FRONT UPPER DECK ULTRA FLEX,CHASSIS OBERDECK VORNE ULTRA FLEX,10.788399999999999,EUR,4944925035210
A2125,REAR UPPER DECK ULTRA FLEX,CHASSIS OBERDECK HINTEN ULTRA FLEX,9.2347999999999999,EUR,4944925035227
A2126,FRONT UPPER DECK MOUNT ULTRA FLEX,CHASSIS HALTER OBERDECK VORNE ULTRA FLEX,8.8591999999999995,EUR,4944925035234
A2127,UPPER DECK,CHASSISPLATTE OBEN,20.425999999999998,EUR,4944925035241
A2128,"FRONT ANTI ROLL BAR (1,3MM)","STABILISATOR VORDERACHSE (1,3MM)",4.3407,EUR,4944925035258
A2129,"REAR ANTI ROLL BAR (1,2MM)","STABILISATOR HINTERACHSE (1,2MM)",4.3407,EUR,4944925035265
A2130,"FRONT ANTI ROLL BAR (1,1MM)","STABILISATOR VORDERACHSE (1,1MM)",4.3407,EUR,4944925035272
A2131,"FRONT ANTI ROLL BAR (1,2MM)","STABILISATOR VORDERACHSE (1,2MM)",4.3025000000000002,EUR,4944925035289
A2132,"FRONT ANTI ROLL BAR (1,4MM)","STABILISATOR VORDERACHSE (1,4MM)",4.3025000000000002,EUR,4944925035357
A2133,"FRONT ANTI ROLL BAR (1,5MM)","STABILISATOR VORDERACHSE (1,5MM)",4.6837,EUR,4944925035340
A2134,"REAR ANTI ROLL BAR (1,1MM)","STABILISATOR HINTERACHSE (1,1MM)",4.3025000000000002,EUR,4944925035333
A2135,"REAR ANTI ROLL BAR (1,3MM)","STABILISATOR HINTERACHSE (1,3MM)",4.3788,EUR,4944925035326
A2136,"REAR ANTI ROLL BAR (1,4MM)","STABILISATOR HINTERACHSE (1,4MM)",4.3788,EUR,4944925035319
A2137,"REAR ANTI ROLL BAR (1,5MM)","STABILISATOR HINTERACHSE (1,5MM)",4.4169,EUR,4944925035302
A2138,FRONT UPRIGHT BUSHING (2),BUCHSEN ACHSTRÄGER VORDERACHSE (2),7.8650000000000002,EUR,4944925035296
A2140,UPPER DECK,CHASSISPLATTE OBEN 2019,19.635000000000002,EUR,4944925038310
A2141L,C-HUB L,C-HUB L,25.113900000000001,EUR,4944925038327
A2141R,C-HUB R,C-HUB R,25.113900000000001,EUR,4944925038334
A2143,CASTER BLOCK BUSHING C-HUB (4),CASTER BLOCK BUSHING C-HUB (4),6.3678999999999997,EUR,4944925038341
A2144,Lower Arm Insert Al.(2),QUERLENKER UNTEN EINSATZ (Alu.) (2),11.0464,EUR,4944925038914
A2145-B,LOWER BULKHEAD,Bulkhead unten,17.82,EUR,4944925046407
A2146,UPPER ARM BRACKET,Querlenkerhalter oben,10.2171,EUR,4944925040474
A2147A,LOWER ARM PIVOT INSERT,Pivot Einsatz Querlenker unten,14.215400000000001,EUR,4944925040481
A2147B,LOWER ARM PIVOT INSERT NUT,Pivot Einsatz Mutter Querlenker unten,4.8567999999999998,EUR,4944925040498
A2147F,FRONT LOWER ARM,Querlenker Vorderachse unten,14.614800000000001,EUR,4944925040504
A2147R,REAR LOWER ARM,Querlenker Hinterachse unten,14.614800000000001,EUR,4944925040511
A2148-H,Querlenker oben & Zubehörteile (hart),Querlenker oben & Zubehörteile (hart),6.8,EUR,4944925901737
A2148,UPPER ARM+PARTS,Querlenker oben & Zubehörteile,5.5381999999999998,EUR,4944925040528
A2148,Querlenker oben & Zubehörteile,Querlenker oben & Zubehörteile,5.5381999999999998,EUR,4944925040528
A2149,UPRIGHT,Radträger,12.86,EUR,4944925040535
A2150,UPRIGHT LEVER,Lenkhebel (Radträger),9.1199999999999992,EUR,4944925040542
A2151,UPPER DECK (2mm),Oberdeck (2mm Standard),23.3032,EUR,4944925040559
A2152,UPPER DECK (1.6mm),"Oberdeck (1,6mm Optional)",20.713999999999999,EUR,4944925040566
A2153/105,ANTI-ROLL BAR (φ1.05mm),"Stabilisator (1,05mm)",4.68,EUR,4944925045233
A2153/10a,ANTI-ROLL BAR (φ1.0mm),"Stabilisator (1,0mm)",4.68,EUR,4944925045165
A2153/115,ANTI-ROLL BAR (φ1.15mm),"Stabilisator (1,15mm)",4.68,EUR,4944925046414
A2153/11a,ANTI-ROLL BAR (φ1.1mm),"Stabilisator(1,1mm)",4.68,EUR,4944925045172
A2153/12a,ANTI-ROLL BAR (φ1.2mm),"Stabilisator(1,2mm)",4.68,EUR,4944925045189
A2154,ANTI-ROLL BAR MOUNT,Stabihalter,11.0761,EUR,4944925040603
A2155,ANTI-ROLL BAR LINK BALL,Kugel (StabilisatorVerbindung),3.96,EUR,4944925040610
A2156,ARB BALL LONG SHAFT,Kugel für Stabibefestigung am Querlenker hinten,4.2348999999999997,EUR,4944925040627
A2158,BRACE UPPER DECK,Verstrebung Oberdeck/Bulkhead,5.0007999999999999,EUR,4944925040641
A2159,2PC UPPER DECK ( 1 pcs ),Chassis Oberdeck 2Teilig ( 1 Stk.),10.1538,EUR,4944925041419
A2160,2PC UPPER DECK SCREW,Chassis Oberdeck Schraubensatz,3.2343000000000002,EUR,4944925041426
A2161,UPPER DECK,Oberdeck,23.332000000000001,EUR,4944925041921
A2162,2PC UPPER DECK ( 1 pcs ),Chassis Oberdeck 2Teilig ( 1 Stk.),13.6652,EUR,4944925041938
A2163,CHASSIS FLEX POST,CHASSIS FLEX POST,4.1163999999999996,EUR,4944925041945
A2164,LOWER BULKHEAD,Bulkhead unten,20.547999999999998,EUR,4944925901744
A2165,Querlenkerhalter oben,Querlenkerhalter oben,12.558,EUR,4944925901751
A2166,"Oberdeck (1,6mm Optional)","Oberdeck (1,6mm Optional)",29.75,EUR,4944925901768
A2167F,Querlenker Vorderachse unten (-1mm),Querlenker Vorderachse unten (-1mm),15.307499999999999,EUR,4944925901775
A2169,Lenkhebel (Radträger),Lenkhebel (Radträger),11.631399999999999,EUR,4944925901782
A2170,2PC UPPER DECK ( 1 pcs ),Chassis Oberdeck 2Teilig ( 1 Stk.),17.765000000000001,EUR,4944925901799
A2171A,Aluminum Bulkhead (1),Aluminium Bulkhead (1),19.325500000000002,EUR,4944925912849
A2171B,Upper Arm Ball (2),Kugel für Querlenker Oben (2),13.427,EUR,4944925912856
A2172F,Carbon Front Lower Arm (1),Kohlefaser Querlenker Vorne Unten (1),13.407299999999999,EUR,4944925912863
A2172R,Carbon Rear Lower Arm (1),Kohlefaser Querlenker Hinten Unten (1),13.407299999999999,EUR,4944925912870
A2173F,Front Chassis Ball Brace (1),Chassis Ball Brace Vorne (1),7.9649999999999999,EUR,4944925912887
A2173R,Rear Chassis Ball Brace (1),Chassis Ball Brace Hinten (1),7.9649999999999999,EUR,4944925912894
A2174,"Composite Parts Upper link, Arm insert (Set)",Composite Teile Querlenker Oben (Set),7.3752000000000004,EUR,4944925912900
A2175,Aluminum Upright (1),Aluminium Radträger (1),13.833,EUR,4944925912917
A2176A,Aluminum Front Upright Lever (1),Aluminium Lenkhebel Vorne (1),10.35,EUR,4944925912924
A2176B,Aluminum Front Upright Lever KPA (1),Aluminium Lenkhebel Vorne KPA (1),10.382999999999999,EUR,4944925913372
A2177,Aluminum Rear Upright Lever (1),Aluminium Lenkhebel Hinten (1),8.7937999999999992,EUR,4944925912931
A2178/11,"Anti Roll-bar 1,1mm (1)","Stabilisator 1,1mm (1)",4.5750000000000002,EUR,4944925912948
A2178/12,"Anti Roll-bar 1,2mm (1)","Stabilisator1,2mm (1)",4.5750000000000002,EUR,4944925912955
A2178/13,"Anti Roll-bar 1,3mm (1)","Stabilisator 1,3mm (1)",4.5750000000000002,EUR,4944925912962
A2179/20,Carbon Topdeck 2mm (1),Kohlefaser Topdeck 2mm (1),15.852600000000001,EUR,4944925913389
A2179/22,"Carbon Topdeck 2,2mm (1)","Kohlefaser Topdeck 2,2mm (1)",16.927499999999998,EUR,4944925913396
A2179/25,"Carbon Topdeck 2,5mm (1)","Kohlefaser Topdeck 2,5mm (1)",17.339300000000001,EUR,4944925913402
A2180,Lower Arm Insert O-Ring,O-Ring für Querlenker Einsätze Unten,2.4752000000000001,EUR,4944925913167
A2201,FRONT SOLID AXLE,STARRACHSE VORDERACHSE,16.9163,EUR,4944925035364
A2202,PULLEY 34T / 20T,RIEMENRAD 34Z / 20Z,8.7660999999999998,EUR,4944925035371
A2203-C,BATTERY MOUNT+PARTS,Akkuhalterung & Zubehörteile,13.9932,EUR,4944925041969
A2204A,DIFF CASE R,DIFFERENTIALGEHÄUSE RECHTS ALUMINIUM,15.133599999999999,EUR,4944925035395
A2204B,DIFF CASE L,DIFFERENTIALGEHÄUSE LINKS ALUMINIUM,15.133599999999999,EUR,4944925035401
A2205,DIFF OUTDRIVE (2),DIFFERENTIAL AUSGÄNGE (2),7.3932000000000002,EUR,4944925035418
A2206a,O-RING DIFF CASE (5),DIFFERENTIAL DICHTUNGS SET (5),2.52,EUR,4944925045196
A2207,PULLY ADAPTER,RIEMENRAD ADAPTER,7.7675000000000001,EUR,4944925035432
A2208,FRONT BELT,ANTRIEBSRIEMEN VORNE,8.6562999999999999,EUR,4944925035449
A2209,REAR BELT,ANTRIEBSRIEMEN HINTEN,7.4462999999999999,EUR,4944925035456
A2210,SPUR GEAR SHAF,HAUPTZAHNRAD AUFNAHME,4.8653000000000004,EUR,4944925035463
A2211,FRONT DRIVE SHAFT SET,ANTRIEBSWELLEN SET VORDERACHSE,30.2713,EUR,4944925035470
A2212,FRONT WHEEL AXLE (2),ACHSWELLE VORNE (2),10.390599999999999,EUR,4944925035487
A2213,FRONT DRIVE SHAFT BUSHING FOR PIN (2),HÜLSEN ACHSWELLE VORNE (2),9.8198000000000008,EUR,4944925035494
A2214,FRONT JOINT SHAFT (4),VERBINDUNGSSTÜCK ANTRIEBSWELLE VORNE (4),5.3517999999999999,EUR,4944925035500
A2215,FRONT DRIVE SHAFT (2),RADACHSE STAHL (2),12.793900000000001,EUR,4944925035517
A2216,FRONT DRIVE SHAFT CLIP (10),SICHERUNGSCLIP ANTRIEBSWELLE VORNE (10),7.6321000000000003,EUR,4944925035524
A2217,"WHEEL HUB (5,0MM) (2)","RAD MITNEHMER (5,0MM) (2)",9.5063999999999993,EUR,4944925035531
A2218,REAR DRIVE SHAFT SET,ANTRIEBSWELLEN SET HINTERACHSE,20.409400000000002,EUR,4944925035548
A2219,REAR WHEEL AXLE (2),RADACHSE STAHL HINTEN (2),8.4277999999999995,EUR,4944925035555
A2220,REAR DRIVE SHAFT (2),ANTRIEBSWELLE HINTEN (2),10.390599999999999,EUR,4944925035562
A2221a,DRIVE SHAFT BLADE (4),ANTRIEBSWELLEN KLINGEN (4),3.96,EUR,4944925045202
A2222,DIFFERENTIAL SET,DIFFERENTIAL KOMPLETT,54.695500000000003,EUR,4944925035586
A2223,BELT TENSIONER SET,RIEMENSPANNER SET,15.603300000000001,EUR,4944925035593
A2224,AL. REAR WHEEL AXLE (2),RADACHSE HINTEN ALUMINIUM (2),8.2921999999999993,EUR,4944925035609
A2225,"WHEEL HUB (4,5MM) (2)","RAD MITNEHMER (4,5MM) (2)",10.5136,EUR,4944925035616
A2226,AL. PULLEY 20T,RIEMENRAD ALUMINIUM 20Z,12.831899999999999,EUR,4944925035623
A2227,"SHIM SET 3X5X0,2 (10)","ZEHNTELSCHEIBEN SET 3X5X0,2 (10)",4.2348999999999997,EUR,4944925035630
A2228,PIN 2 X 8.8 (10),STIFT 2 X 8.8 (10),3.09,EUR,4944925035647
A2229,PIN 2 X 10.8 (10),STIFT 2 X 10.8 (10),3.3504999999999998,EUR,4944925035654
A2230-B,DIFF GEARS AND CROSS SHAFT,DIFFERENTIAL ZAHNRÄDER INKL. KREUZWELLEN,7.9790000000000001,EUR,4944925037795
A2230-Ba,DIFF GEARS AND CROSS SHAFT,DIFFERENTIAL ZAHNRÄDER INKL. KREUZWELLEN,7.952,EUR,4944925045219
A2230,DIFF GEARS AND CROSS SHAFT,DIFFERENTIAL ZAHNRÄDER INKL. KREUZWELLEN,7.3952,EUR,4944925035661
A2231,SPOOL OUTDRIVE ALUMINIUM,DIFF AUSGÄNGE STARRACHSE ALUMINIUM,10.5031,EUR,4944925036101
A2232,SPOOL OUTDRIVE STEEL (2),DIFF AUSGÄNGE STARRACHSE STAHL (2),10.946899999999999,EUR,4944925036118
A2234a,"S5 O-RINGE (low friction rubber, red) (10)","S5 O-RINGE (low friction rubber, red) (10)",5.4074999999999998,EUR,4944925045226
A2235,PULLEY+PARTS,Riemenräder & Zubehörteile,8.1233000000000004,EUR,4944925040665
A2236,PULLEY-SPUR GEAR ADAPTER,Adapter Hauptzahnrad/Riemenrad,7.7930000000000001,EUR,4944925040672
A2237A,DIFFERENTIAL CASE A,Differentialgehäuse A,17.5914,EUR,4944925040689
A2237B,DIFFERENTIAL CASE B,Differentialgehäuse B,17.5914,EUR,4944925040696
A2238,18T  DIFFERENTIAL MOUNT,Adapter Kegelzahnrad Diff 18T,6.8029999999999999,EUR,4944925040702
A2239,OUTDRIVE DIFFERENTIAL,Mitnehmer Differential,8.9796999999999993,EUR,4944925040719
A2240,WHEEL HUB (4mm),Sechskant Radmitnehmer (4mm),10.78,EUR,4944925040726
A2241,WHEEL HUB SCREW,Spezialschraube Sechskant Radmitnehmer,4.34,EUR,4944925040733
A2242,BELT,Zahnriemen 351,3.6720999999999999,EUR,4944925040740
A2242a,Zahnriemen 351,Zahnriemen 351,3.6720999999999999,EUR
A2243,DIFFERENTIAL SET,Differential Komplettset,58.308399999999999,EUR,4944925040757
A2244,20T PULLEY FWD,Riemenrad 20Z,12.057499999999999,EUR,4944925040740
A2245,H.D. Belt,Zahnriemen H.D.,3.6720999999999999,EUR,4944925046452
A2245a,Zahnriemen H.D.,Zahnriemen H.D.,3.6720999999999999,EUR,4944925901225
A2246-35,"RAD MITNEHMER (3,5MM) (2)","RAD MITNEHMER (3,5MM) (2)",12.512499999999999,EUR,4944925901805
A2246-40,"RAD MITNEHMER (4,0MM) (2)","RAD MITNEHMER (4,0MM) (2)",12.512499999999999,EUR,4944925901812
A2246B,O-RING S9x1 (10),O-RING S9x1 (10),3.7231999999999998,EUR,4944925901829
A2247A-B,FRONT WHEEL AXLE (2),ACHSWELLE VORNE (2),19.38,EUR,4944925906169
A2247A,ACHSWELLE VORNE (2),ACHSWELLE VORNE (2),19.38,EUR,4944925901836
A2247B,FRONT DRIVESHAFTS,FRONT DRIVESHAFTS,19.38,EUR,4944925901843
A2247C,FRONT DRIVESHAFT UNIVERSAL RINGS,FRONT DRIVESHAFT UNIVERSAL RINGS,15.35,EUR,4944925901850
A2247D,FRONT DRIVESHAFT CROSS JOINTS,FRONT DRIVESHAFT CROSS JOINTS,35.6,EUR,4944925901867
A2247E,FRONT DRIVESHAFT PINS 8.8,FRONT DRIVESHAFT PINS 8.8,8.3049999999999997,EUR,4944925901874
A2247F,DRIVE SHAFT PINS 11.2,DRIVE SHAFT PINS 11.2,8.3049999999999997,EUR,4944925901881
A2247G,FRONT SPOOL OUTDRIVES,FRONT SPOOL OUTDRIVES,16.649999999999999,EUR,4944925901898
A2247S-B,FRONT DRIVE SHAFT SET,ANTRIEBSWELLEN SET VORDERACHSE,29.625,EUR,4944925906176
A2247S,ANTRIEBSWELLEN SET VORDERACHSE,ANTRIEBSWELLEN SET VORDERACHSE,29.625,EUR,4944925901904
A2248A,REAR DRIVESHAFTS,RADACHSE ALU. HINTEN (2),21.175000000000001,EUR,4944925901911
A2248B,ANTRIEBSWELLE HINTEN (2),ANTRIEBSWELLE HINTEN (2),21.175000000000001,EUR,4944925901928
A2248C,Mitnehmer Differential,Mitnehmer Differential,18.45,EUR,4944925901935
A2248D,Mitnehmer Differential (Alu),Mitnehmer Differential (Alu),12.3338,EUR,4944925901942
A2248S,ANTRIEBSWELLEN SET HINTERACHSE,ANTRIEBSWELLEN SET HINTERACHSE,27.72,EUR,4944925901959
A2249,Differential Komplettset,Differential Komplettset,62.67,EUR,4944925901966
A2250/-05,"Aluminium Radmitnehmer -0,5mm (2)","Aluminium Radmitnehmer -0,5mm (2)",7.3361000000000001,EUR,4944925913020
A2250/+05,"Aluminium Radmitnehmer +0,5mm (2)","Aluminium Radmitnehmer +0,5mm (2)",7.3361000000000001,EUR,4944925913013
A2250/0,Aluminium Radmitnehmer 0 (2),Aluminium Radmitnehmer 0 (2),7.3361000000000001,EUR,4944925913419
A2301,STEERING LEVER SHAFT (2),LENKHEBEL DREHACHSE (2),10.191800000000001,EUR,4944925035722
A2302,STEERING PLATE & PARTS,LENKPLATTE & ZUBEHÖR,7.5162000000000004,EUR,4944925035678
A2303,STEERING LEVER (LEFT & RIGHT),LENKHEBEL (LINKS & RECHTS) ALUMINIUM,23.1,EUR,4944925035685
A2304,STEERING STOPPER COLLAR,LENKHEBEL DISTANZSCHEIBEN,3.9411,EUR,4944925035692
A2307,SERVO PLATE,SERVOPLATTE,14.283300000000001,EUR,4944925035708
A2308,SERVO MOUNT,SERVO BEFESTIGUNG,16.1996,EUR,4944925035715
A2309,STEERING COLLAR,VERSTEIFUNG SERVOPLATTE / CHASSISPLATTE,5.3517999999999999,EUR,4944925037382
A2310,SERVO MOUNT,Servo Halter,26.150400000000001,EUR,4944925040764
A2311L,STEERING LEVER LEFT,Lenkungsarm links,16.1996,EUR,4944925040771
A2311R,STEERING LEVER RIGHT,Lenkungsarm rechts,16.1996,EUR,4944925041167
A2313,STEERING PLATE,Lenkungsplatte,16.7621,EUR,4944925040788
A2314,SERVO MOUNTING PLATE FWD,Servo Halter,8.3811,EUR,4944925041976
A2315,Servo Halter,Servo Halter,27.965,EUR,4944925901973
A2316,Lenkungsarm,Lenkungsarm,21.290500000000002,EUR,4944925901980
A2317,Aluminum Servomount (1),Aluminium Servohalterung (1),25.171399999999998,EUR,4944925913037
A2318,Aluminum Steering Arm (Set),Aluminium Lenkungsarm (Set),18.790800000000001,EUR,4944925913044
A2402,CHASSIS CARBON,CHASSISPLATTE KOHLEFASER,56.713500000000003,EUR,4944925035739
A2403,CHASSIS ALUMINIUM,CHASSISPLATTE ALUMINIUM,59.702500000000001,EUR,4944925035746
A2404,PITCH STIFFENER,PITCH VERSTEIFUNG,13.1053,EUR,4944925035753
A2405,CENTER WEIGHT,AUSGLEICHSGEWICHT MITTE,9.24,EUR,4944925035760
A2407,FRONT BUMPER + PARTS,FRONTRAMMER INKL. ANBAUTEILE & KAROSSERIEHALTER,11.4337,EUR,4944925035777
A2408,BUMPER BRACE,FRONTRAMMER STREBE,9.0706000000000007,EUR,4944925035784
A2409,FOAM BUMPER,FRONTRAMMER SCHAUMSTOFF,7.3952,EUR,4944925035791
A2410,BODY HEIGHT ADJUSTER (4),KAROSSERIE HÖHENFIXIERUNG (4),14.0671,EUR,4944925035807
A2411,RUBBER TAPE FOR BATTERY,KLEBEBAND GUMMIERT FÜR BATTERIEFACH,3.1625000000000001,EUR,4944925035814
A2413,BATTERY MOUNT OPTIONAL,AKKU BEFESTIGUNG,44.937600000000003,EUR,4944925037481
A2414,CHASSIS (CFRP),Chassis Carbon,82.043000000000006,EUR,4944925040795
A2415,CHASSIS (ALUM),Chassis Aluminium,65.894300000000001,EUR,4944925040801
A2416,BUMPER+PARTS,Rammer & Zubehörteile,7.5392000000000001,EUR,4944925040818
A2417,FRONT BODY MOUNT PLATE,Rammer Abstützung (Carbon),8.4024999999999999,EUR,4944925040825
A2418,FOAM BUMPER,Rammer Schaumstoff,4.7470999999999997,EUR,4944925040832
A2419,REAR CHASSIS STIFFENER,Chassis Versteifung hinten,8.4024999999999999,EUR,4944925040849
A2420,REAR BODY MOUNT PLATE,Karosserie Halter hinten (Carbon),9.5953999999999997,EUR,4944925040863
A2421,BODY STOPPER,Karosserie Stopper (Radträger vorne),25.41,EUR,4944925040856
A2422-B,ROUND WEIGHT 10g,Anschraubgewicht 10g (rund),2.9192,EUR,4944925913433
A2422,ROUND WEIGHT 10g,Anschraubgewicht 10g (rund),2.9192,EUR,4944925040870
A2423,Gewicht (unter Empfänger) 20g,Gewicht (unter Empfänger) 20g,7.5392000000000001,EUR,4944925040887
A2424a,BATTERY WEIGHT 52g,Gewicht (shorty Akku) 52g,32.137099999999997,EUR,4944925045240
A2425a,BATTERY WEIGHT 20g,Gewicht (Akku) 20g,27.263000000000002,EUR,4944925045257
A2427,BODY STOP LOW (BLACK)(also replacement for A2421),Karosserie Stopper (Radträger vorne) (ersetzt A2421),26.8611,EUR,4944925041983
A2428-B,ROUND WEIGHT 5g,Anschraubgewicht 5g (rund),3.1475,EUR,4944925913440
A2428,ROUND WEIGHT 5g,Anschraubgewicht 5g (rund),3.1475,EUR,4944925041990
A2429,CHASSIS (CFRP) FWD,Chassis Carbon FWD,79.381900000000002,EUR,4944925042003
A2430,FRONT WEIGHT FWD (40g),Gewicht Vorne 40g,26.07,EUR,4944925042010
A2431,FOAM BUMPER FWD,Rammer Schaumstoff FWD,6.5746000000000002,EUR,4944925042027
A2432,BUMPER WEIGHT FWD (85g),Gewicht (Frontrammer) 85g,33.380800000000001,EUR,4944925042034
A2433,REAR BODY MOUNT PLATE FWD,Karosserie Halter hinten (Carbon) FWD,10.23,EUR,4944925042041
A2434,CHASSIS (ALUM) US,Chassis Aluminium US,65.894300000000001,EUR,494492504638
A2435,Rammer & Zubehörteile,Rammer & Zubehörteile,6.5339999999999998,EUR,4944925901997
A2436,STIFT 1.6 X 9.8 (10),STIFT 1.6 X 9.8 (10),4.8,EUR,4944925902000
A2437,"Aluminum Chassis 1,5mm (1)","Aluminum Chassis 1,5mm (1)",76.748900000000006,EUR,4944925913051
A2439,Bumper & Parts (Set),Kunststoff Rammer & Teile (Set),8.3722999999999992,EUR,4944925913068
A2440,Carbon Bumper Plate (1),Kohlefaser Bumper Plate (1),12.125,EUR,4944925913075
A2441,Foam Bumper (1),Schaumstofframmer (1),5.2385999999999999,EUR,4944925913082
A2442,Carbon Rear Body Mount Plate (1),Kohlefaser Karosseriehalteplatte Hinten (1),12.995799999999999,EUR,4944925913099
A2443,Tungsten Weight 15g (1),Tungsten (Wolfram) Gewicht 15g (1),18.25,EUR,4944925913266
A2444,Tungsten Weight 10g (1),Tungsten (Wolfram) Gewicht 10g (1),15.6,EUR,4944925913273
A2445,Tungsten Weight 5g (1),Tungsten (Wolfram) Gewicht 5g (1),13.75,EUR,4944925913280
A2501,FRONT SHOCK TOWER,DÄMPFERBRÜCKE VORNE KOHLEFASER,9.9167000000000005,EUR,4944925035838
A2502,REAR SHOCK TOWER,DÄMPFERBRÜCKE HINTEN KOHLEFASER,15.2645,EUR,4944925035845
A2507D,"SHOCK PISTION ""D"" (2)","KOLBENPLATTE ""D"" (2)",5.1086,EUR,4944925035852
A2508,SHOCK SHAFT (2),DÄMPFER KOLBENSTANGEN (2),3.9260999999999999,EUR,4944925035869
A2509,SHOCK DAMPER CASE (2),DÄMPFER GEHÄUSE (2),11.7837,EUR,4944925035876
A2510a,SHOCK SPRING TENSION NUT (2),DÄMPFER FEDER EINSTELLRING (2),9.8198000000000008,EUR,4944925045264
A2511,SHOCK LOWER TIP NUT (2),DÄMPFER VERSCHLUSSKAPPE UNTEN (2),4.5693000000000001,EUR,4944925035890
A2512a,SHOCK SHAFT BUSHING (4),DÄMPFER KOLBENSTANGE FÜHRUNGSHÜLSEN (4),4.8865999999999996,EUR,4944925045271
A2513,SHOCK UPPER TIP NUT (2),DÄMPFER EINSTELLRING OBEN (2),8.0139999999999993,EUR,4944925036132
A2514-B,SHOCK BALL JOINTS,Dämpfer Kugelpfannen,5.6479999999999997,EUR,4944925040924
A2514,SHOCK BALL JOINTS & PARTS,DÄMPFER BEFESTIGUNGSTEILE SET,7.9790000000000001,EUR,4944925035906
A2515a,SHOCK MEMBRANE (4),DÄMPFER AUSGLEICHSMEMBRANE (4),5.8170999999999999,EUR,4944925045288
A2516a,SHOCK SPRING SHEET (2),DÄMPFER FEDERTELLER (2),8.8213000000000008,EUR,4944925045295
A2518,SHOCK SPRING (1.56) (2),DÄMPFERFEDER 1.56 (2),5.9553000000000003,EUR,4944925035920
A2519,SHOCK SPRING (1.58) 2PCS,DÄMPFERFEDER 1.58 (2),6.8183999999999996,EUR,4944925036767
A2520,O-RING SET P3 (10),DICHTRINGE SET P3 (10),5.5846999999999998,EUR,4944925035944
A2521,SHOCK SET (2),DÄMPFER KOMPLETT SET (2),38.648200000000003,EUR,4944925035951
A2522,SHOCK SPRING (1.46) (2),DÄMPFERFEDER 1.46 (2),7.0989000000000004,EUR,4944925036774
A2524F,FRONT SHOCK TOWER,Dämpferhalter vorne,16.1996,EUR,4944925040931
A2524R,REAR SHOCK TOWER,Dämpferhalter hinten,16.1996,EUR,4944925040948
A2525,SHOCK CASE,Dämpfer Gehäuse,12.5932,EUR,4944925040955
A2527,SHOCK NUT,Dämpfer Mutter (oben),6.7016999999999998,EUR,4944925040979
A2528,SHOCK SHAFT,Dämpfer Kolbenstange,3.4373999999999998,EUR,4944925040986
A2529,FRONT LOWER SHOCK MOUNT,Dämpferhalter vorne (Querlenker),8.5292999999999992,EUR,4944925040993
A2530,REAR LOWER SHOCK MOUNT,Dämpferhalter hinten (Querlenker),8.5292999999999992,EUR,4944925041006
A2531,SHOCK PISTON 1.3x4,"Dämpfer Kolbenplatte (1,3x4)",5.5951000000000004,EUR,4944925041013
A2532,SHOCK SPRING 5.75T (HARD),Dämpfer Feder 5.75T (hart),8.6090999999999998,EUR,4944925041020
A2533,SHOCK SPRING 6T (MEDIUM HARD),Dämpfer Feder 6T (mittel hart),8.6090999999999998,EUR,4944925041037
A2534,SHOCK SPRING 6.25T (MEDIUM),Dämpfer Feder 6.25T (mittel),8.6090999999999998,EUR,4944925041044
A2535,SHOCK SPRING 6.5T (MEDIUM SOFT),Dämpfer Feder 6.5T (mittel soft),8.6090999999999998,EUR,4944925041051
A2536,SHOCK SPRING 6.75T (SOFT),Dämpfer Feder 6.75T (soft),8.6090999999999998,EUR,4944925041068
A2537,SHOCK SET,Dämpfer Komplettset,37.454900000000002,EUR,4944925041075
A2538,Bypass Shock Case (2),"""""bypasss"" Dämpfer Gehäuse (2Stk.)",16.586200000000002,EUR,4944925041556
A2539,SHOCK SPRING 6.5T (progressive),Dämpfer Feder 6.5T (progressive),8.3718000000000004,EUR,4944925041563
A2540,"SHOCK SPRING 7,0T (progressive)",Dämpfer Feder 7.0T (progressive),8.3718000000000004,EUR,4944925041570
A2541,SHOCK SPRING 6.75T (progressive),Dämpfer Feder 6.75T (progressive),8.3718000000000004,EUR,4944925042089
A2542,Active Shock Mount Front (1pcs),"""""Active"" DÄMPFERBEFESTIGUNG VORNE (1 Stk.)",20.392399999999999,EUR,4944925042263
A2542A,LOWER SHOCK TOWER,LOWER SHOCK TOWER,15.746499999999999,EUR,4944925902017
A2543,Active Shock Mount Rear (1pcs),"""""Active"" DÄMPFERBEFESTIGUNG HINTERACHSE (1 Stk.)",20.730899999999998,EUR,4944925042270
A2544,SHOCK SPRING 6.0T (progressive),Dämpfer Feder 6.0T (progressive),8.3589000000000002,EUR,4944925042805
A2545,X-RINGS (Si),X-RINGS (Si),6.0774999999999997,EUR,4944925901713
A2546,SHOCK PLASTIC PARTS,SHOCK PLASTIC PARTS,6.6,EUR,4944925902024
A2547F,UPPER SHOCK TOWER (FRONT),UPPER SHOCK TOWER (FRONT),15.68,EUR,4944925902031
A2547R,UPPER SHOCK TOWER (REAR),UPPER SHOCK TOWER (REAR),16.344999999999999,EUR,4944925902048
A2548,Dämpfer Komplettset,Dämpfer Komplettset,41.662500000000001,EUR,4944925902055
A2549,Dämpfer Feder 7.0T,Dämpfer Feder 7.0T,8.6090999999999998,EUR,4944925902116
A2550,Composite Upper/Lower Shock Parts  (2+2),Composite Dämpferteile Oben/Unten (2+2),5.4226999999999999,EUR,4944925913105
A2551,Shock Case (2),Dämpfergehäuse (2),13.32,EUR,4944925913112
A2552,Shock Case Bypass (2),Dämpfergehäuse Bypass (2),17.5656,EUR,4944925913129
A2553,Shock Shaft (2),Dämpfer Kolbenstange (2),6.6376999999999997,EUR,4944925913136
A2554,Shock Membrane (4),Dämpfer Membrane (4),5.6657999999999999,EUR,4944925913143
A2555-11,"Shock Piston 1,1mm x 4 (2)","Dämpfer Kolbenplatte 1,1mm x 4 (2)",5.7717000000000001,EUR,4944925913426
A2555/11,"Dämpfer Kolbenplatte 1,1mm x 4 (2)","Dämpfer Kolbenplatte 1,1mm x 4 (2)",5.7717000000000001,EUR,4944925913426
A2556F,Aluminum Shock Tower Front (1),Aluminium Dämpferbrücke Vorne (1),14.296099999999999,EUR,4944925913174
A2556R,Aluminum Shock Tower Rear (1),Aluminium Dämpferbrücke Hinten (1),14.296099999999999,EUR,4944925913181
A2557,Shock Upper Ball (2),Dämpfer Kugel Oben (2),7.3913000000000002,EUR,4944925913198
A2558,Shock Mount Lower Arm (2),Dämpferhalter Querlenker Unten (2),13.798299999999999,EUR,4944925913204
A2559,Shock Set (2),Dämpfer Set (2),40.229999999999997,EUR,4944925913211
A2560,"Shock Spring 4,25 (2)","Dämpfer Feder 4,25 (2)",8.4749999999999996,EUR,4944925913297
A2561,"Shock Spring 4,5 (2)","Dämpfer Feder 4,5 (2)",8.4749999999999996,EUR,4944925913303
A2562,"Shock Spring Progressive 4,75P (2)","Dämpfer Feder Progressiv 4,75P (2)",8.5500000000000007,EUR,4944925913310
A2563,"Shock Spring Progressive 5,0P (2)","Dämpfer Feder Progressiv 5,0P (2)",8.5500000000000007,EUR,4944925913327
A2564,"Shock Spring 4,75 (2)","Dämpfer Feder 4,75 (2)",8.5500000000000007,EUR,4944925913334
A2601-1,"BEARING 3X6X2,5MM (10)","KUGELLAGER 3X6X2,5MM (10)",25.6343,EUR,4944925035975
A2601-1a,"KUGELLAGER 3X6X2,5MM (10)","KUGELLAGER 3X6X2,5MM (10)",25.6343,EUR,4944925046568
A2601a,BEARINGS (φ3xφ6x2.5) 2pcs.,Kugellager (3x6x2.5),5.5739999999999998,EUR,4944925041372
A2601b,Kugellager (3x6x2.5),Kugellager (3x6x2.5),5.5739999999999998,EUR,4944925046551
A2602,Kugellager (6x10x3),Kugellager (6x10x3),4.5,EUR,4944925902123
A2602/1,KUGELLAGER 6X3X10MM (10),KUGELLAGER 6X3X10MM (10),24.08,EUR,4944925902130
A2603,Kugellager (2x5x2.3),Kugellager (2x5x2.3),4.1399999999999997,EUR,4944925902147
A2603/1,KUGELLAGER 2X5X2.3MM (10),KUGELLAGER 2X5X2.3MM (10),22.05,EUR,4944925902154
A2604,Kugellager (3x8x4),Kugellager (3x8x4),4.0199999999999996,EUR,4944925902161
A2701,ENGINE MOUNT,MOTORHALTER,49.063499999999998,EUR,4944925035982
A2702,ENGINE MOUNT BRACE,MOTORHALTER STREBE,3.3,EUR,4944925035999
A2703,FAN MOUNT ALUMINUM,LÜFTERHALTER ALU,9.9803999999999995,EUR,4944925036002
A2704,MOTOR MOUNT,Motorhalter,47.276400000000002,EUR,4944925041082
A2705,MOTOR MOUNT WEIGHT 12g,Gewicht Motorhalter 12g,9.5953999999999997,EUR,4944925041099
A2706,MOTOR MOUNT WEIGHT 15g,Gewicht Motorhalter 15g,10.458399999999999,EUR,4944925041105
A2707,MOTOR MOUNT FWD,Motorhalter FWD,44.054200000000002,EUR,4944925042058
A2708,Motorhalter,Motorhalter,45.337600000000002,EUR,4944925902062
A2709,Aluminum Motormount (1),Aluminum Motorhalter (1),42.16,EUR,4944925913228
A2710,Layshaft (1),Mittelwelle (1),4.6993999999999998,EUR,4944925913235
A2802-B,BALL JOINTS,Kugelpfannen,4.8864999999999998,EUR,4944925041112
A2802,BALL JOINTS,KUGELPFANNE SET,7.4926000000000004,EUR,4944925036019
A2803a,SHIM 3X6X1MM (10),DISTANZSCHEIBE 3X6X1MM (10),8.0850000000000009,EUR,4944925045301
A2804a,SHIM 3X6X2MM (10),DISTANZSCHEIBE 3X6X2MM (10),8.2424999999999997,EUR,4944925045318
A2805a,TURNBUCKLE STEERING LONG (2),SPURSTANGEN R/L LANG ALUMINIUM (2),7.1205999999999996,EUR,4944925045325
A2806a,TURNBUCKLE CAMBER LINK (2),ANLENKSTANGE ALUMINIUM (2),6.93,EUR,4944925045332
A2807a,TURNBUCKLE STEERING SHORT,SPURSTANGEN R/L KURZ ALUMINIUM,4.7594000000000003,EUR,4944925045349
A2808a,TURNBUCKLE M4 ALUMINIUM (2),SPURSTANGE M4 ALUMINIUM (2),6.7774999999999999,EUR,4944925045356
A2809,TITANIUM SCREW SET,SCHRAUBENSET TITAN,48.958399999999997,EUR,4944925036088
A2810,BALL LILNK SET LONG / SHORT,KUGELPFANNE SET LANG / KURZ,6.5198,EUR,4944925036095
A2811a,"SHIM 3X6X0,5MM (10)","DISTANZSCHEIBE 3X6X0,5MM (10)",8.0850000000000009,EUR,4944925045363
A2812,TURNBUCKLE M4 (16mm),Gewindestange re/li  (Querlenker oben),6.2443999999999997,EUR,4944925041129
A2813,5mm BALL (ALUM),Kugel 5mm (Alu),6.8997999999999999,EUR,4944925041136
A2814,6mm BALL (ALUM),Kugel 6mm (Alu),6.8475999999999999,EUR,4944925041143
A2815,TITANIUM SCREW SET (top),Schraubenset Titan (oben),23.055599999999998,EUR,4944925041150
A2816,TITANIUM SCREW SET (top) FWD,Schraubenset Titan (oben) FWD,44.702199999999998,EUR,4944925042294
A2817,"Kugel 6mm (Alu, schwarz)","Kugel 6mm (Alu, schwarz)",8.4727999999999994,EUR,4944925902079
A2818,Schraubenset Titan (oben),Schraubenset Titan (oben),32.19,EUR,4944925902178
A2819,"Steel Ball 5,5mm (4)","Stahl Kugel 5,5mm (4)",8.64,EUR,4944925913242
A2820,Titanium Screw Set (75),Titan Schraubenset (75),33.393799999999999,EUR,4944925913341
B0101,AIR FILTER SET FOR 21 BUGGY,LUFTFILTER-SET,8.0893999999999995,EUR,4944925201011
B0102-1,AIR FILTER FOR 21 BUGGY (4),EINSÄTZE FÜR LUFTFILTER (4),11.7,EUR,4944925020285
B0104,FUEL FILTER S,KRAFTSTOFF-FILTER KLEIN,13.914999999999999,EUR,4944925201042
B0116a,DRUCKAUSGLEICHSDOSE MIT BEFESTIGUNG,DRUCKAUSGLEICHSDOSE MIT BEFESTIGUNG,14.046099999999999,EUR,4944925901201
B0117b,BEFESTIGUNG FÜR DRUCKAUSGLEICHSDOSE,BEFESTIGUNG FÜR DRUCKAUSGLEICHSDOSE,4.4762000000000004,EUR,4944925901218
B0119,AIR FILTER MBX-6 (4),EINSÄTZE FÜR LUFTFILTER MBX-6/6T (4),16.449200000000001,EUR,4944925017971
B0120a,AIR FILTER SET,LUFTFILTER-SET,10.824,EUR,4944925046063
B0121a,AIR FILTER (4),EINSÄTZE FÜR LUFTFILTER (4),17.82,EUR,4944925046070
B0122,"TANKFLASCHE,METALLROHR, ELOXIERT","TANKFLASCHE,METALLROHR, ELOXIERT",16.4725,EUR,4944925041792
B0122,FUEL PUMP,"TANKFLASCHE,METALLROHR, ELOXIERT",16.4725,EUR,4944925041792
B0123,AIR FILTER SET,LUFTFILTER-SET,11.551299999999999,EUR,494492504276
B0124,AIR FILTER ELEMENTS,EINSÄTZE FÜR LUFTFILTER,12.553800000000001,EUR,494492504277
B0222-B,F/R PLATE FOR R3 (2),KUNSTSTOFF-DECKEL FÜR STARTBOX ON ROAD R3 (2),9.5848999999999993,EUR,4944925025457
B0223-B,PARTS FOR SWITCH BIII/RIII,ANBAU- UND BEFESTIGUNGSTEILE FÜR B0236/237,10.957700000000001,EUR,4944925025471
B0223,PARTS FOR SWITCH BII/RII,ANBAU- UND BEFESTIGUNGSTEILE FÜR B0220/230,10.45,EUR,4944925202230
B0224,PULLEY FOR BII/RII (2),STARTBOX-RIEMENRAD FÜR B0220/230 (2),12.144,EUR,4944925202247
B0224a,PULLEY FOR BII/RII (2),STARTBOX-RIEMENRAD FÜR B0220/230 (2),12.144,EUR,4944925046087
B0225,PARTS FOR MOUNT BII/RII/B3/R3,STARTBOXARRETIERUNGS-SET FÜR CHASSIS BII/RII/B3/R3,10.879,EUR,4944925202254
B0225a,PARTS FOR MOUNT BII/RII/B3/R3,STARTBOXARRETIERUNGS-SET FÜR CHASSIS BII/RII/B3/R3,10.879,EUR,4944925046094
B0226,STARTER RING FOR BII/RII/B3/R3,STARTERSCHEIBE FÜR BII/RII/B3/R3,4.9626000000000001,EUR,4944925202261
B0227A,BASE STAND BII/RII/B3/R3 (4),STARTBOX STANDFÜSSE BII/RII/B3/R3 (4),4.1353,EUR,4944925240430
B0227E-1,SWITCH BII/RII/B3/R3,SCHALTERBOLZEN UND KONTAKTPLÄTCHEN BII/RII/B3/R3,5.7157,EUR,4944925240454
B0228B,PULLEY ADAPTOR S FOR BII/RII/B3/R3,RIEMENRADAUFNAHME KURZ FÜR BII/RII/B3/R3,2.5171000000000001,EUR,4944925240478
B0229A,STARTER MOTOR FOR BII/RII/B3/R3,STARTERMOTOR FÜR BII/RII/B3/R3,13.0604,EUR,4944925240485
B0229B,STARTER BELT FOR RII/R3,ZAHNRIEMEN FÜR RII/R3,6.3102,EUR,4944925240492
B0232-B,F/R PLATE FOR B3 (2),KUNSTSTOFF-DECKEL FÜR STARTBOX OFF ROAD B3 (2),12.057700000000001,EUR,4944925025464
B0239,STARTER BELT FOR BII/B3,ZAHNRIEMEN FÜR BII/B3,6.3102,EUR,4944925202391
B0244-1,POCKET BOOSTER W/ BATTERY,GLÜHKERZENHEIZER INKL. AKKU,31.037500000000001,EUR,4944925020919
B0244-1a,GLÜHKERZENHEIZER INKL. AKKU,GLÜHKERZENHEIZER INKL. AKKU,31.037500000000001,EUR
B0244a,POCKET BOOSTER W/O BATTERY,GLÜHKERZENHEIZER OHNE AKKU,25.772500000000001,EUR,4944925046100
B0303,ENGINE MAINTENANCE OIL,MOTOR-KONSERVIERUNGSÖL,5.0094000000000003,EUR,4944925203039
B0310a,SUPER SILICONE #100,SILIKON-ÖL  (100),6.3007999999999997,EUR,4944925042942
B0310b,SILIKON-ÖL  (100),SILIKON-ÖL  (100),6.3007999999999997,EUR
B0311a,SUPER SILICONE #150,SILIKON-ÖL  (150),6.3007999999999997,EUR,4944925042959
B0311b,SILIKON-ÖL  (150),SILIKON-ÖL  (150),6.3007999999999997,EUR
B0312a,SUPER SILICONE #200,SILIKON-ÖL  (200),6.3007999999999997,EUR,4944925042966
B0312b,SILIKON-ÖL  (200),SILIKON-ÖL  (200),6.3007999999999997,EUR
B0313a,SUPER SILICONE #250,SILIKON-ÖL  (250),6.3007999999999997,EUR,4944925042973
B0313b,SILIKON-ÖL  (250),SILIKON-ÖL  (250),6.3007999999999997,EUR
B0314a,SUPER SILICONE #300,SILIKON-ÖL  (300),6.3007999999999997,EUR,4944925042980
B0314b,SILIKON-ÖL  (300),SILIKON-ÖL  (300),6.3007999999999997,EUR
B0315a,SUPER SILICONE #350,SILIKON-ÖL  (350),6.3007999999999997,EUR,4944925042997
B0315b,SILIKON-ÖL  (350),SILIKON-ÖL  (350),6.3007999999999997,EUR
B0316a,SUPER SILICONE #400,SILIKON-ÖL  (400),6.3007999999999997,EUR,4944925043000
B0316b,SILIKON-ÖL  (400),SILIKON-ÖL  (400),6.3007999999999997,EUR
B0317b,SUPER SILICONE FOR DIFF. #10000,SILIKON-ÖL FÜR DIFFERENTIAL  (10000),7.3403,EUR,4944925043017
B0317c,SILIKON-ÖL FÜR DIFFERENTIAL  (10000),SILIKON-ÖL FÜR DIFFERENTIAL  (10000),7.3403,EUR
B0318a,SILIKON-ÖL FÜR DIFFERENTIAL  (30000),SILIKON-ÖL FÜR DIFFERENTIAL  (30000),7.3403,EUR,4944925203183
B0318b,SUPER SILICONE FOR DIFF. #30000,SILIKON-ÖL FÜR DIFFERENTIAL  (30000),7.3403,EUR,4944925043024
B0318c,SILIKON-ÖL FÜR DIFFERENTIAL  (30000),SILIKON-ÖL FÜR DIFFERENTIAL  (30000),7.3403,EUR
B0319b,SUPER SILICONE FOR DIFF. #50000,SILIKON-ÖL FÜR DIFFERENTIAL  (50000),7.3403,EUR,4944925043031
B0319c,SILIKON-ÖL FÜR DIFFERENTIAL  (50000),SILIKON-ÖL FÜR DIFFERENTIAL  (50000),7.3403,EUR
B0320c,SUPER SILICONE FOR DIFF. #100000 30CC,SILIKON-ÖL FÜR DIFFERENTIAL  (100000) 30CC,8.1865000000000006,EUR,4944925043048
B0320d,SILIKON-ÖL FÜR DIFFERENTIAL  (100000) 30CC,SILIKON-ÖL FÜR DIFFERENTIAL  (100000) 30CC,8.1865000000000006,EUR
B0321,SUPER SILICONE FOR DIFF.#3000,SILIKON-ÖL FÜR DIFFERENTIAL  (3000),5.9440999999999997,EUR,4944925203213
B0321,SILIKON-ÖL FÜR DIFFERENTIAL  (3000),SILIKON-ÖL FÜR DIFFERENTIAL  (3000),5.9440999999999997,EUR,4944925203213
B0321a,SILIKON-ÖL FÜR DIFFERENTIAL  (3000),SILIKON-ÖL FÜR DIFFERENTIAL  (3000),5.9440999999999997,EUR
B0322a,SILIKON-ÖL FÜR DIFFERENTIAL  (5000),SILIKON-ÖL FÜR DIFFERENTIAL  (5000),5.9440999999999997,EUR
B0323a,SUPER SILICONE FOR DIFF.#7000,SILIKON-ÖL FÜR DIFFERENTIAL  (7000),6.0288000000000004,EUR,4944925043055
B0323b,SILIKON-ÖL FÜR DIFFERENTIAL  (7000),SILIKON-ÖL FÜR DIFFERENTIAL  (7000),6.0288000000000004,EUR
B0324,SUPER SILICONE FOR DIFF. #1000,SILIKON-ÖL FÜR DIFFERENTIAL  (1000),5.9440999999999997,EUR,4944925203244
B0324,SILIKON-ÖL FÜR DIFFERENTIAL  (1000),SILIKON-ÖL FÜR DIFFERENTIAL  (1000),5.9440999999999997,EUR,4944925203244
B0324a,SILIKON-ÖL FÜR DIFFERENTIAL  (1000),SILIKON-ÖL FÜR DIFFERENTIAL  (1000),5.9440999999999997,EUR
B0325,SUPER SILICONE #500,SILIKON-ÖL  (500),6.3007999999999997,EUR,4944925203251
B0325,SILIKON-ÖL  (500),SILIKON-ÖL  (500),6.3007999999999997,EUR,4944925203251
B0325a,SILIKON-ÖL  (500),SILIKON-ÖL  (500),6.3007999999999997,EUR
B0326,SUPER SILICONE #600,SILIKON-ÖL  (600),6.3007999999999997,EUR,4944925203268
B0326,SILIKON-ÖL  (600),SILIKON-ÖL  (600),6.3007999999999997,EUR,4944925203268
B0326a,SILIKON-ÖL  (600),SILIKON-ÖL  (600),6.3007999999999997,EUR
B0327,SUPER SILICONE #700,SILIKON-ÖL  (700),6.3007999999999997,EUR,4944925203275
B0327,SILIKON-ÖL  (700),SILIKON-ÖL  (700),6.3007999999999997,EUR,4944925203275
B0327a,SILIKON-ÖL  (700),SILIKON-ÖL  (700),6.3007999999999997,EUR
B0328,SUPER SILICONE #800,SILIKON-ÖL  (800),6.3007999999999997,EUR,4944925203282
B0328,SILIKON-ÖL  (800),SILIKON-ÖL  (800),6.3007999999999997,EUR,4944925203282
B0328a,SILIKON-ÖL  (800),SILIKON-ÖL  (800),6.3007999999999997,EUR
B0329,LUFTFILTERÖL,LUFTFILTERÖL,11.501899999999999,EUR,4944925003509
B0329,AIR FILTER OIL,LUFTFILTERÖL,11.501899999999999,EUR,4944925003509
B0330,SUPER JOINT GREASE,SPEZIAL FETT FÜR DREHTEILE,4.6962000000000002,EUR,4944925003516
B0332,SUPER SILICONE #450,SILIKON-ÖL  (450),6.3007999999999997,EUR,4944925009655
B0332,SILIKON-ÖL  (450),SILIKON-ÖL  (450),6.3007999999999997,EUR,4944925009655
B0332a,SILIKON-ÖL  (450),SILIKON-ÖL  (450),6.3007999999999997,EUR
B0333,SILIKON-ÖL  (550),SILIKON-ÖL  (550),6.3007999999999997,EUR,4944925009662
B0333,SUPER SILICONE #550,SILIKON-ÖL  (550),6.3007999999999997,EUR,4944925009662
B0333a,SILIKON-ÖL  (550),SILIKON-ÖL  (550),6.3007999999999997,EUR
B0334,SILIKON-ÖL FÜR DIFFERENTIAL  (2000),SILIKON-ÖL FÜR DIFFERENTIAL  (2000),5.9440999999999997,EUR,4944925009679
B0334,SUPER SILICONE FOR DIFF. #2000,SILIKON-ÖL FÜR DIFFERENTIAL  (2000),5.9440999999999997,EUR,4944925009679
B0334a,SILIKON-ÖL FÜR DIFFERENTIAL  (2000),SILIKON-ÖL FÜR DIFFERENTIAL  (2000),5.9440999999999997,EUR
B0335,SILIKON-ÖL FÜR DIFFERENTIAL  (4000),SILIKON-ÖL FÜR DIFFERENTIAL  (4000),5.9440999999999997,EUR,4944925009686
B0335,SUPER SILICONE FOR DIFF. #4000,SILIKON-ÖL FÜR DIFFERENTIAL  (4000),5.9440999999999997,EUR,4944925009686
B0335a,SILIKON-ÖL FÜR DIFFERENTIAL  (4000),SILIKON-ÖL FÜR DIFFERENTIAL  (4000),5.9440999999999997,EUR
B0337b,SUPER SILICONE FOR DIFF. #15000,SILIKON-ÖL FÜR DIFFERENTIAL  (15000),7.3403,EUR,4944925043062
B0337c,SILIKON-ÖL FÜR DIFFERENTIAL  (15000),SILIKON-ÖL FÜR DIFFERENTIAL  (15000),7.3403,EUR
B0338b,SUPER SILICONE FOR DIFF. #20000,SILIKON-ÖL FÜR DIFFERENTIAL  (20000),7.3403,EUR,4944925043079
B0338c,SILIKON-ÖL FÜR DIFFERENTIAL  (20000),SILIKON-ÖL FÜR DIFFERENTIAL  (20000),7.3403,EUR
B0339,PREMIUM GREASE,PREMIUM  FETT,13.4115,EUR,4944925023248
B0340,SUPER ONE-WAY GREASE,PREMIUM  FETT FÜR FREILAUFLAGER,6.1597,EUR,4944925023361
B0341b,SUPER SILICONE FOR DIFF. #60000,SILIKON-ÖL FÜR DIFFERENTIAL  (60000),7.6364999999999998,EUR,4944925043086
B0341c,SILIKON-ÖL FÜR DIFFERENTIAL  (60000),SILIKON-ÖL FÜR DIFFERENTIAL  (60000),7.6364999999999998,EUR
B0343b,SUPER SILICONE FOR DIFF. #80000,SILIKON-ÖL FÜR DIFFERENTIAL  (80000),8.4191000000000003,EUR,4944925043093
B0343c,SILIKON-ÖL FÜR DIFFERENTIAL  (80000),SILIKON-ÖL FÜR DIFFERENTIAL  (80000),8.4191000000000003,EUR
B0345,SUPER SILICONE FOR DIFF. #200000,SILIKON-ÖL FÜR DIFFERENTIAL  (200000),8.1865000000000006,EUR,4944925024924
B0347a,SUPER SILICONE FOR DIFF. #300000,SILIKON-ÖL FÜR DIFFERENTIAL  (300000),8.4614999999999991,EUR,4944925043109
B0348,SUPER SILICONE #650,SILIKON-ÖL  (650),6.3007999999999997,EUR,4944925028847
B0348a,SILIKON-ÖL  (650),SILIKON-ÖL  (650),6.3007999999999997,EUR
B0349a,SUPER SILICONE FOR DIFF. #1.000000,SILIKON-ÖL FÜR DIFFERENTIAL  (1.000000),9.5827000000000009,EUR,4944925043116
B0350,SUPER SILICONE FOR DIFF. #6000,SILIKON-ÖL FÜR DIFFERENTIAL  (6000),6.0288000000000004,EUR,4944925031014
B0351a,SUPER SILICONE FOR DIFF. #500000,SILIKON-ÖL FÜR DIFFERENTIAL  (500000),9.2230000000000008,EUR,4944925043123
B0401,SWITCH COVER,SCHUTZKAPPE FÜR SCHALTER,2.0436000000000001,EUR,4944925204012
B0406,BOTH SIDE TAPE,KLEBEBAND DOPPELSEITIG,3.4270999999999998,EUR,4944925204067
B0407,FLAT WASHER 3MM (10),ALU-ROSETTE 3MM (10),6.4734999999999996,EUR,4944925204074
B0408,FLAT WASHER 4MM (10),ALU-ROSETTE 4MM (10),6.4734999999999996,EUR,4944925204081
B0413,COLOR SILICONE PIPE (GRAY),"SILIKON-SPRITSCHLAUCH, GRAU 100CM",5.9653,EUR,4944925006661
B0417,COLOR STRAP SET 150MM (18),"KABELBINDER-SET,FARBIG,150MM (18)",4.3152999999999997,EUR,4944925204173
B0418,EXHAUST GASKET SET (3),KRÜMMERDICHTUNG FARBIG 2.5CCM (3),4.0385,EUR,4944925204180
B0422,BODY PIN (8),KAROSSERIEKLAMMERN (8),1.4722999999999999,EUR,4944925204227
B0423,PORT CAP FOR 15 (2+2),STAUBSCHUTZKAPPEN 2.5CCM MOTOR (2+2),3.4060000000000001,EUR,4944925204234
B0424,PORT CAP FOR 21 (2+2),STAUBSCHUTZKAPPEN 3.5CCM MOTOR (2+2),3.9411,EUR,4944925204241
B0426,HEAD PROTECTOR (PURPLE) (10),ÜBERSCHLAGSCHUTZ ZYLINDERKOPF PINK (10),5.0113000000000003,EUR,4944925204265
B0427,PORT CAP M (4),STAUBSCHUTZKAPPEN M (4),4.0385,EUR,4944925001475
B0428,VELCRO TAPE,KLETTBAND,4.1353,EUR,4944925015250
B0429a,AL. SERVO HORN SET,"SERVOHORN, ALUMINIUM",12.968999999999999,EUR,4944925046124
B0430a,SERVO HORN PARTS,KUNSTSTOFFEINSÄTZE FÜR B0429,3.2890000000000001,EUR,4944925046131
B0431a,3MM CONE WASHER (4),UNTERLEGSCHEIBEN KONISCH 3MM MBX-6/6T (4),5.9344999999999999,EUR,4944925046148
B0432,ANTENNA CAP (5),ANTENNKAPPE (5),3.6976,EUR,4944925033032
B0433,Electronic Gel Tape (30mmx1.2mx1.5mm),"KLEBEBAND DOPPELSEITIG mit Gel Einlage 30mm x 1,5mm / 1,2m",3.4270999999999998,EUR,4944925906237
B0434,Electronic Gel Tape (20mmx2.5mx0.8mm),"KLEBEBAND DOPPELSEITIG mit Gel Einlage 20mm x 0,8mm / 2,5m",3.4270999999999998,EUR,4944925906244
B0506,SNAP RING PLIERS,SEEGERRING-ZANGE (*1),14.7676,EUR,4944925205064
B0508,UTILITY WRENCH,MEHRZWECK-SCHRAUBENSCHLÜSSEL (*1),6.1050000000000004,EUR,4944925205088
B0509,SETTING DRIVER FOR ENGINE,SPEZIAL-SCHRAUBENDREHER (LANG) (*1),4.8673999999999999,EUR,4944925205095
B0510,CAMBER GAUGE,WINKEL-LEHRE FÜR STURZEINSTELLUNGEN (*1),14.4376,EUR,4944925205101
B0511,DRIVER FOR HEAD SCREW,SCHRAUBENDREHER F. ZYLINDERKOPFSCHRAUBEN (*1),4.3726000000000003,EUR,4944925205118
B0514,CLUTCH SPRING ADJUST TOOL,WERKZEUG F. KUPPLUNGSEINSTELLUNG ON-ROAD (*1),22.6601,EUR,4944925205149
B0519-1,SPARE TIP FOR (+) #2 SCREW DRIVER,EINSATZ FÜR B0519 (PHILIPS) (+) #2 (*1),10.725,EUR,4944925003967
B0519,(+) #2 SCREW DRIVER,SCHRAUBENDREHER (PHILIPS) (+) #2 (*1),27.665099999999999,EUR,4944925003660
B0520-1,SPARE TIP FOR (+) #1 SCREW DRIVER,EINSATZ FÜR B0520 (PHILIPS) (+) #1 (*1),9.3500999999999994,EUR,4944925003974
B0520,(+) #1 SCREW DRIVER,SCHRAUBENDREHER (PHILIPS) (+) #1 (*1),21.2301,EUR,4944925003677
B0521-1,SPARE TIP FOR (-) 1.0 SCREW DRIVER,EINSATZ FÜR B0521 SCHLITZ (-) 1.0 (*1),9.9824999999999999,EUR,4944925003981
B0521,(-) 1.0 SCREW DRIVER,SCHRAUBENDREHER (SCHLITZ) (-) 1.0 (*1),26.344899999999999,EUR,4944925003684
B0522/1a,SPARE TIP FOR (-) 0.5 SCREW DRIVER,EINSATZ FÜR B0522 (SCHLITZ) (-) 0.5 (*1),14.4788,EUR,4944925046155
B0522b,(-) 0.5 SCREW DRIVER,SCHRAUBENDREHER (SCHLITZ) (-) 0.5 (*1),27.706299999999999,EUR,4944925045950
B0523/1a,SPARE TIP FOR 1.5 MM HEX. WRENCH,EINSATZ FÜR B0523 INNENSECHSKANT 1.5MM (*1),8.6515000000000004,EUR,4944925046162
B0523b,1.5 MM HEX. WRENCH,INNENSECHSKANT SCHRAUBENDREHER 1.5MM (*1),20.878,EUR,4944925045967
B0524/1a,SPARE TIP FOR 2.0 MM HEX. WRENCH,EINSATZ FÜR B0524 INNENSECHSKANT 2.0MM (*1),8.4013000000000009,EUR,4944925046179
B0524b,2.0 MM HEX. WRENCH,INNENSECHSKANT SCHRAUBENDREHER 2.0MM (*1),20.5563,EUR,4944925045974
B0525/1a,SPARE TIP FOR 2.5 MM HEX. WRENCH,EINSATZ FÜR B0525 INNENSECHSKANT 2.5MM (*1),8.4013000000000009,EUR,4944925046186
B0525b,2.5 MM HEX. WRENCH,INNENSECHSKANT SCHRAUBENDREHER 2.5MM (*1),21.950500000000002,EUR,4944925045981
B0526/1a,SPARE TIP FOR 3.0 MM HEX. WRENCH,EINSATZ FÜR B0526 INNENSECHSKANT 3.0MM (*1),10.188800000000001,EUR,4944925046193
B0526b,3.0 MM HEX. WRENCH,INNENSECHSKANT SCHRAUBENDREHER 3.0MM (*1),24.059799999999999,EUR,4944925045998
B0527/1a,SPARE TIP FOR 2.0 MM BALL-HEX. WRENCH,EINSATZ FÜR B0527 INNENSECHSKANT 2.0MM (KUGEL) (*1),10.617800000000001,EUR,4944925046209
B0527b,2.0 MM BALL-HEX. WRENCH,INNENSECHSKANT SCHRAUBENDREHER 2.0MM (KUGEL) (*1),23.166,EUR,4944925046001
B0528/1a,SPARE TIP FOR 2.5 MM BALL-HEX. WRENCH,EINSATZ FÜR B0528 INNENSECHSKANT 2.5MM (KUGEL) (*1),10.617800000000001,EUR,4944925046216
B0528b,2.5 MM BALL-HEX. WRENCH,INNENSECHSKANT SCHRAUBENDREHER 2.5MM (KUGEL) (*1),24.560300000000002,EUR,4944925046018
B0530a,SPARE TIP 2.0 MM HEX. WRENCH FOR ELECTRIC DRIVER,EINSATZ INNENSECHSKANT 2.0MM FÜR ELEKTROSCHRAUBER (*1),11.44,EUR,4944925046223
B0531a,SPARE TIP 2.5 MM HEX. WRENCH FOR ELECTRIC DRIVER,EINSATZ INNENSECHSKANT 2.5MM FÜR ELEKTROSCHRAUBER (*1),12.119300000000001,EUR,4944925046230
B0533,CURVED SCISSORS,LEXANSCHERE MIT MUGEN SEIKI GRAVUR (*1),7.0399000000000003,EUR,4944925015342
B0535c,BOX WRENCH 5.5MM,STECKSCHLÜSSEL 5.5MM (*1),13.32,EUR,4944925046025
B0536c,"BOX WRENCH 7,0MM","STECKSCHLÜSSEL 7,0MM (*1)",14.52,EUR,4944925046032
B0537c,BOX WRENCH 5.0MM,STECKSCHLÜSSEL 5.0MM (*1),13.32,EUR,4944925046049
B0538a,PRO SPEC TOOL SET,INNENSECHSKANT SCHRAUBENDREHER - SET (6) (*1),73.38,EUR,4944925046056
B0539,HEIGHT GAUGE SPACER MRX-5 (2),ABSTANDSHALTER HÖHENEINSTELLLEHRE MRX-5 (2) (*1),16.004899999999999,EUR,4944925022937
B0540a,HEIGHT GAUGE MRX-5,HÖHENEINSTELLLEHRE MRX-5 (*1),19.197800000000001,EUR,4944925046247
B0541a,PIN REPLACEMENT TOOL,AUSPRESS WERKZEUG FÜR STIFTE (*1),51.48,EUR,4944925046254
B0541D,SPARE TIP FOR B0541,STIFT FÜR AUSPRESS WERKZEUG (*1),6.5175999999999998,EUR,4944925025556
B0542,RITZEL MONTAGE WERKZEUG MTX-5 (*1),RITZEL MONTAGE WERKZEUG MTX-5 (*1),28.517399999999999,EUR,4944925025112
B0542,PINION GEAR TOOL FOR MTX-5,RITZEL MONTAGE WERKZEUG MTX-5 (*1),28.517399999999999,EUR,4944925025112
B0543,CLUTCH ADJ. TOOL,KUPPLUNGSSPIEL MESSLEHRE (*1),29.177399999999999,EUR,4944925025617
B0544,WHEEL NUT WRENCH MBX/MGT7,MEHRZWECK-SCHRAUBENSCHLÜSSEL 17MM (*1),5.1151,EUR,4944925031663
B0545a,PINION GEAR TOOL FOR MRX/MGT,RITZEL MONTAGE WERKZEUG MRX/MGT (*1) (B0532),30.566299999999998,EUR,4944925046261
B0546a,HEIGHT GAUGE 3~15MM MTX/MRX/MGT 3~15MM,EINSTELLHILFE FÜR FAHRZEUGHÖHE MTX/MRX/MGT 3~15MM (*1),30.7395,EUR,4944925046278
B0547a,HEIGHT GAUGE MBX 18~45MM,EINSTELLHILFE FÜR FAHRZEUGHÖHE MBX 18~45MM (*1),35.442,EUR,4944925046285
B0548a,REBOUND STOP GAUGE MBX,EINSTELLHILFE FÜR AUSFEDERWEG MBX/MBXT (*1),15.587,EUR,4944925046292
B0549,Turnbuckle Wrench,Einstellhilfe für Spurstangen (*1),9.9027999999999992,EUR,4944925037269
B0552,"AL. SERVO HORN (23) (SW, KO)","SERVOHORN, ALUMINIUM (23) (SW, KO)",17.1694,EUR,4944925038785
B0553,AL. SERVO HORN (25) (FUT),"SERVOHORN, ALUMINIUM (25) (FUT)",17.1694,EUR,4944925038792
B0554a,Pinion Gear Tool (0.8M),RITZEL MONTAGE WERKZEUG (Modul 0.8),31.9605,EUR,4944925046308
B0555,8mm/9mm WRENCH,8mm/9mm WRENCH,20.306000000000001,EUR,4944925040436
B0556,B0556 Flywheel Tool,B0556 Flywheel Tool,11.88,EUR,4944925046438
B0557,Turnbuckle Wrench MTC2R,Einstellhilfe für Spurstangen (*1) MTC2R,16.266300000000001,EUR,494492590208
B0558,Straight Plate MTC2R,Straight Plate MTC2R,15.95,EUR
B0559,Pin Replacement Tool φ2.5,AUSPRESS WERKZEUG FÜR STIFTE (*1) 2.5mm,51.48,EUR,4944925905308
B0560,Caster Gauge (1),Nachlauf Messlehre (1),26.789200000000001,EUR,4944925913259
B0561,Lower Arm Insert Tool,Querlenker Montage Werkzeug,3.1875,EUR,4944925912832
B0640-2,M2X16 F/H SCREW  SJA2X16,SCHRAUBE M2X16 SENKKOPF  SJA2X16,2.1913999999999998,EUR,4944925022371
B0640-3,M2X10 F/H SCREW,SCHRAUBE M2X10 SENKKOPF,1.8956999999999999,EUR,4944925024795
B0641,M4X15F/H SCREW,SCHRAUBE M4X15 SENKKOPF,1.7179,EUR,4944925206412
B0645,M4X8 F/H SCREW,SCHRAUBE M4X8 SENKKOPF,1.4806999999999999,EUR,4944925001376
B0649,M2.6X6 F/H SCREW,SCHRAUBE M2.6X6 SENKKOPF,2.1560000000000001,EUR,4944925005961
B0654,SI2X10 R/H SCREW,SCHRAUBE M2X10 FLACHKOPF MBX-5T,1.4214,EUR,4944925014994
B0660-1,M3X25 CAP SCREW,SCHRAUBE INNENSECHSKANT M3X25MM MBX-6,4.3827999999999996,EUR,4944925019098
B0660-2,M2X6 CAP SCREW,SCHRAUBE INNENSECHSKANT M2X6MM,4.0872000000000002,EUR,4944925024801
B0660-3,"M2,5X6 CAP SCREW","SCHRAUBE INNENSECHSKANT M2,5X6MM",4.9165000000000001,EUR,4944925024818
B0660-4,M2X8 CAP SCREW,SCHRAUBE INNENSECHSKANT M2X8MM,5.2121000000000004,EUR,4944925026881
B0660-5,M3X18 CAP SCREW,SCHRAUBE INNENSECHSKANT M3X18MM,3.5535999999999999,EUR,4944925030420
B0660-6,M2 X 10 CAP SCREW,SCHRAUBE INNENSECHSKANT M2X10MM,4.2057000000000002,EUR,4944925033049
B0660-7,"M2,5 X 10 CAP SCREW","SCHRAUBE INNENSECHSKANT M2,5X10MM",4.2057000000000002,EUR,4944925033056
B0660-8,M2 X 4 CAP SCREW,SCHRAUBE INNENSECHSKANT M2X4MM,3.6720999999999999,EUR,4944925036170
B0660,M3X10 CAP SCREW,SCHRAUBE INNENSECHSKANT M3X10MM,2.7835999999999999,EUR,4944925206603
B0661,M3X23 CAP SCREW,SCHRAUBE INNENSECHSKANT M3X23MM,5.39,EUR,4944925206610
B0662,M3X8 CAP SCREW,SCHRAUBE INNENSECHSKANT M3X8MM,2.6657000000000002,EUR,4944925206627
B0663,M3X12 CAP SCREW,SCHRAUBE INNENSECHSKANT M3X12MM,3.3765000000000001,EUR,4944925206634
B0664,M3X16 CAP SCREW,SCHRAUBE INNENSECHSKANT M3X16MM,3.1393,EUR,4944925206641
B0665,M2.6X12 CAP SCREW,SCHRAUBE INNENSECHSKANT M2.6X12MM,5.8635999999999999,EUR,4944925005978
B0666,M3X20 CAP SCREW,SCHRAUBE INNENSECHSKANT M3X20MM,3.4357000000000002,EUR,4944925007682
B0667,M2X12 CAP SCREW,SCHRAUBE INNENSECHSKANT M2X12MM,3.6128,EUR,4944925015274
B0668,M2X5  CAP SCREW,SCHRAUBE INNENSECHSKANT M2X5MM MBX-6,4.0872000000000002,EUR,4944925019074
B0669,M2.6X8 CAP SCREW,SCHRAUBE INNENSECHSKANT M2.6X8MM MBX-6,3.7313999999999998,EUR,4944925019081
B0670-1,M3X4 SET SCREW,MADENSCHRAUBE M3X4,2.4878999999999998,EUR,4944925030352
B0670,M3X3 CAP SCREW,MADENSCHRAUBE M3X3,2.4878999999999998,EUR,4944925206702
B0671,M3X5 CAP SCREW,MADENSCHRAUBE M3X5,2.4285999999999999,EUR,4944925206719
B0672,M3X12 CAP SCREW,MADENSCHRAUBE M3X12,3.3765000000000001,EUR,4944925206726
B0673,M3X8 CAP SCREW,MADENSCHRAUBE M3X8,2.31,EUR,4944925206733
B0674,M3X2.6 SET SCREW,MADENSCHRAUBE M3X2.6,3.4357000000000002,EUR,4944925000287
B0675,SK3X16 SET SCREW,SCHRAUBE MADE M3X16,4.3827999999999996,EUR,4944925002243
B0676,SK3x6 SET SCREW (10pcs.),SK3x6 SET SCREW (10pcs.),2.6657000000000002,EUR,4944925041198
B0677,SK3x10 SET SCREW (10pcs.),SK3x10 SET SCREW (10pcs.),2.6657000000000002,EUR,4944925041211
B0678,Madenschraube M3x18,Madenschraube M3x18,3.3250000000000002,EUR,4944925903458
B0680,M4X4 SET SCREW,MADENSCHRAUBE M4X4,2.6657000000000002,EUR,4944925206801
B0681,M4X5 SET SCREW,MADENSCHRAUBE M4X5,2.6657000000000002,EUR,4944925206818
B0682,M3X8 SET SCREW,MADENSCHRAUBE M4X8,2.7835999999999999,EUR,4944925206825
B0690,M5X5 SET SCREW,MADENSCHRAUBE M5X5,2.8428,EUR,4944925206900
B0710,M3 NUT,MUTTER M3,1.9542999999999999,EUR,4944925207105
B0712,M2.6 NYLON NUT,STOPMUTTER M2.6,6.7521000000000004,EUR,4944925207129
B0713,SN3 NYLON NUT,STOPMUTTER M3,5.0936000000000003,EUR,4944925207136
B0714,SN4 NYLON NUT,STOPMUTTER M4,5.7457000000000003,EUR,4944925207143
B0716,M4 ALUMI. NUT W/FLANGE,MUTTER ALU. M4 SELBSTSICHERND MIT BUND,6.3250000000000002,EUR,4944925011757
B0717,Stopmutter M3,Stopmutter M3,4.37,EUR,4944925903472
B0718,Stopmutter M4,Stopmutter M4,3.7524999999999999,EUR,4944925903489
B0720-1,OWS3 SPRING WASHER (10 PCS.),FEDERRING 3MM OWS3 10STK.,2.31,EUR,4944925030406
B0720-2,"OE 2,3 E-RING","FEDERRING 2,3MM OE 2,3",1.4806999999999999,EUR,4944925036187
B0720,2 E-RING,E-CLIP 2MM,1.4214,EUR,4944925207204
B07203,"Distanzscheiben 3 x 7 x 0,5mm","Distanzscheiben 3 x 7 x 0,5mm",2.7075,EUR,4944925903441
B0721,4 E-RING,E-CLIP 4MM,1.1256999999999999,EUR,4944925207211
B0722,2.5 E-RING,E-CLIP 2.5MM,1.4214,EUR,4944925207228
B0723,3X8X0.5 WASHER,DISTANZSCHEIBEN 3X8X0.5,2.3693,EUR,4944925207235
B0724,3 E-RING,E-CLIP 3MM,2.0135999999999998,EUR,4944925007408
B0725,OW2.5X6X0.5 WASHER,DISTANZSCHEIBEN 2.5X6X0.5,4.3827999999999996,EUR,4944925014161
B0726,OE-5 E-RING,OE-5 E-RING,2.0135999999999998,EUR,4944925022234
B0727,OE-7 E-RING,OE-7 E-RING,2.5472000000000001,EUR,4944925022241
B0728,STW-14 SNAP RING (5 PCS.),STW-14 SNAP RING (5),2.5472000000000001,EUR,4944925022258
B0729,CTW-46 C-RING,CTW-46 C-RING,2.7242999999999999,EUR,4944925022265
B0730-1,M3X23 B/H SCREW,SCHRAUBE M3X23 FLACHKOPF,4.3827999999999996,EUR,4944925007316
B0730-1Ta,M3X23 B/H TITANIUM SCREW (8),SCHRAUBE M3X23 FLACHKOPF TITAN (8),8.3261000000000003,EUR,4944925042102
B0730-2,M3X28 B/H SCREW,SCHRAUBE M3X28 FLACHKOPF,3.3765000000000001,EUR,4944925007323
B0730-2Ta,M3X28 B/H TITANIUM SCREW (8),SCHRAUBE M3X28 FLACHKOPF TITAN (8),9.8833000000000002,EUR,4944925042119
B0730-3,M4X10 B/H SCREW,SCHRAUBE M4X10 FLACHKOPF,5.8042999999999996,EUR,4944925022463
B0730-3T,M3X5 B/H SCREW TITAN,SCHRAUBE M3X5 FLACHKOPF TITAN,5.2461000000000002,EUR,4944925030826
B0730-3Ta,SCHRAUBE M3X5 FLACHKOPF TITAN,SCHRAUBE M3X5 FLACHKOPF TITAN,5.2461000000000002,EUR
B0730-4,"M2,5X8 B/H SCREW","SCHRAUBE M2,5X8 FLACHKOPF",5.7457000000000003,EUR,4944925026898
B0730-5,M3X5 B/H SCREW,SCHRAUBE M3X5 FLACHKOPF,5.4493,EUR,4944925030734
B0730-6,M2X6 B/H SCREW,SCHRAUBE M2X6 FLACHKOPF,4.6792999999999996,EUR,4944925036163
B0730-7,SiG2x3 B/H SCREW (8pcs.),SiG2x3 B/H SCREW (8pcs.),4.0278999999999998,EUR,4944925041204
B0730,M3X8 B/H SCREW,SCHRAUBE M3X8 FLACHKOPF,4.1464999999999996,EUR,4944925002182
B07308,"SCHRAUBE M2,5X10 FLACHKOPF","SCHRAUBE M2,5X10 FLACHKOPF",5.16,EUR,4944925903410
B07309,SCHRAUBE M3X22 FLACHKOPF,SCHRAUBE M3X22 FLACHKOPF,5.59,EUR,4944925903434
B0730Ta,M3X8 B/H TITANIUM SCREW (8),SCHRAUBE M3X8 FLACHKOPF TITAN (8),5.8894000000000002,EUR,4944925042096
B0730Tb,SCHRAUBE M3X8 FLACHKOPF TITAN (8),SCHRAUBE M3X8 FLACHKOPF TITAN (8),5.8894000000000002,EUR
B0731,M3X10 B/H SCREW,SCHRAUBE M3X10 FLACHKOPF,4.1464999999999996,EUR,4944925002199
B07310,"SCHRAUBE M2,5X6 FLACHKOPF","SCHRAUBE M2,5X6 FLACHKOPF",3.72,EUR,4944925903496
B07311,SCHRAUBE M2X4 FLACHKOPF,SCHRAUBE M2X4 FLACHKOPF,3.72,EUR,4944925903502
B0731Ta,M3X10 B/H TITANIUM SCREW (8),SCHRAUBE M3X10 FLACHKOPF TITAN (8),6.0922000000000001,EUR,4944925042126
B0732,M3X12 B/H SCREW,SCHRAUBE M3X12 FLACHKOPF,4.1464999999999996,EUR,4944925002205
B0732Ta,M3X12 B/H TITANIUM SCREW (8),SCHRAUBE M3X12 FLACHKOPF TITAN (8),6.4645000000000001,EUR,4944925042133
B0733,M3X14 B/H SCREW,SCHRAUBE M3X14 FLACHKOPF,4.4420999999999999,EUR,4944925002212
B0733Ta,M3X14 B/H TITANIUM SCREW (8),SCHRAUBE M3X14 FLACHKOPF TITAN (8),6.9722,EUR,4944925042140
B0733Tb,SCHRAUBE M3X14 FLACHKOPF TITAN (8),SCHRAUBE M3X14 FLACHKOPF TITAN (8),6.9722,EUR
B0734,M3X16 B/H SCREW,SCHRAUBE M3X16 FLACHKOPF,4.4420999999999999,EUR,4944925002229
B0734Ta,M3X16 B/H TITANIUM SCREW (8),SCHRAUBE M3X16 FLACHKOPF TITAN (8),12.0494,EUR,4944925042157
B0734Tb,SCHRAUBE M3X16 FLACHKOPF TITAN (8),SCHRAUBE M3X16 FLACHKOPF TITAN (8),12.0494,EUR
B0735,M3X18 B/H SCREW,SCHRAUBE M3X18 FLACHKOPF,4.7385999999999999,EUR,4944925002236
B0735Ta,M3X18 B/H TITANIUM SCREW (8),SCHRAUBE M3X18 FLACHKOPF TITAN (8),12.996700000000001,EUR,4944925042164
B0735Tb,SCHRAUBE M3X18 FLACHKOPF TITAN (8),SCHRAUBE M3X18 FLACHKOPF TITAN (8),12.996700000000001,EUR
B0736,M3X6 B/H SCREW,SCHRAUBE M3X6 FLACHKOPF,4.7979000000000003,EUR,4944925005169
B0736Ta,M3X6 B/H TITANIUM SCREW (8),SCHRAUBE M3X6 FLACHKOPF TITAN (8),9.1384000000000007,EUR,4944925042171
B0737,M3X20 B/H SCREW,SCHRAUBE M3X20 FLACHKOPF,4.7385999999999999,EUR,4944925005176
B0737Ta,M3X20 B/H TITANIUM SCREW (8),SCHRAUBE M3X20 FLACHKOPF TITAN (8),8.6983999999999995,EUR,4944925042188
B0738a,M3X25 B/H SCREW,SCHRAUBE M3X25 FLACHKOPF,5.0343,EUR,494492504313
B0738T,M3X25 B/H TITANIUM SCREW (8),SCHRAUBE M3X25 FLACHKOPF TITAN (8),8.5886999999999993,EUR,494492590308
B0739,M3X4 B/H SCREW,SCHRAUBE M3X4 FLACHKOPF,6.3971999999999998,EUR,4944925022364
B0739T,M3X4 B/H TITANIUM SCREW (8),SCHRAUBE M3X4 FLACHKOPF TITAN (8),5.5845000000000002,EUR,4944925036347
B0740-1,M2X8 F/H SCREW,SCHRAUBE M2X8 SENKKOPF,4.6792999999999996,EUR,4944925036156
B0740,M3X8 F/H SCREW,SCHRAUBE M3X8 SENKKOPF,5.3307000000000002,EUR,4944925003899
B0740Ta,M3X8 F/H TITANIUM SCREW (8),SCHRAUBE M3X8 SENKKOPF TITAN (8),8.4616000000000007,EUR,4944925042195
B0741,M3X10 F/H SCREW,SCHRAUBE M3X10 SENKKOPF,5.39,EUR,4944925004155
B0741Ta,M3X10 F/H TITANIUM SCREW (8),SCHRAUBE M3X10 SENKKOPF TITAN (8),8.9016000000000002,EUR,4944925042201
B0742,M3X6 F/H SCREW,SCHRAUBE M3X6 SENKKOPF,4.1464999999999996,EUR,4944925005985
B0742Ta,M3X6 F/H TITANIUM SCREW (8),SCHRAUBE M3X6 SENKKOPF TITAN (8),4.9755000000000003,EUR,4944925042218
B0743,M3X12 F/H CAP SCREW,SCHRAUBE M3X12 SENKKOPF,5.0343,EUR,4944925007330
B0743Ta,M3X12 F/H TITANIUM SCREW (8),SCHRAUBE M3X12 SENKKOPF TITAN (8),5.5845000000000002,EUR,4944925042225
B0743Tb,SCHRAUBE M3X12 SENKKOPF TITAN (8),SCHRAUBE M3X12 SENKKOPF TITAN (8),5.5845000000000002,EUR
B0744,M3.5X12 F/H CAP SCREW,SCHRAUBE M3.5X12 SENKKOPF,3.85,EUR,4944925007347
B0745,M3.5X16 F/H CAP SCREW,SCHRAUBE M3.5X16 SENKKOPF,3.4943,EUR,4944925007354
B0746,M4X8 F/H CAP SCREW,SCHRAUBE M4X8 SENKKOPF,5.5086000000000004,EUR,4944925007361
B0746T,M4X8 F/H TITANIUM SCREW (4),SCHRAUBE M4X8 SENKKOPF TITAN (4),4.7721999999999998,EUR,4944925009730
B0746Ta,SCHRAUBE M4X8 SENKKOPF TITAN (4),SCHRAUBE M4X8 SENKKOPF TITAN (4),4.7721999999999998,EUR
B0747,M4X10 F/H CAP SCREW,SCHRAUBE M4X10 SENKKOPF,5.9227999999999996,EUR,4944925007378
B0747T,M4X10 F/H TITANIUM SCREW (8),SCHRAUBE M4X10 SENKKOPF TITAN (8),9.3415999999999997,EUR,4944925009747
B0748,M4X15 F/H CAP SCREW,SCHRAUBE M4X15 SENKKOPF,5.9821,EUR,4944925007385
B0748T,M4X15 F/H TITANIUM SCREW (8),SCHRAUBE M4X15 SENKKOPF TITAN (8),10.6616,EUR,4944925009761
B0749,M4X20 F/H CAP SCREW,SCHRAUBE M4X20 SENKKOPF,3.9685999999999999,EUR,4944925007392
B0749a,SCHRAUBE M4X20 SENKKOPF,SCHRAUBE M4X20 SENKKOPF,3.9685999999999999,EUR
B0750,M4X12 F/H SCREW (8),SCHRAUBE M4X12 SENKKOPF,5.6864999999999997,EUR,4944925009969
B0750T,M4X12 F/H TITANIUM SCREW (8),SCHRAUBE M4X12 SENKKOPF TITAN (8),9.8833000000000002,EUR,4944925009754
B0751T,SJG3X32 F/H TITANIUM SCREW,SCHRAUBE M3X32 SENKKOPF TITAN MBX-6,6.6677999999999997,EUR,4944925019371
B0751Ta,SCHRAUBE M3X32 SENKKOPF TITAN MBX-6,SCHRAUBE M3X32 SENKKOPF TITAN MBX-6,6.6677999999999997,EUR
B0752,SJG3X16 F/H CAP SCREW MBX6T,SCHRAUBE M3X16 SENKKOPF MBX-6T TRUGGY,6.1006999999999998,EUR,4944925020148
B0752Ta,SJG3X16 F/H TITANIUM SCREW MBX6T,SCHRAUBE M3X16 SENKKOPF TITAN MBX-6T TRUGGY,6.4984000000000002,EUR,4944925042232
B0753,M3X5 F/H CAP SCREW,SCHRAUBE M3X5 SENKKOPF,5.8635999999999999,EUR,4944925023408
B0753Tb,SJG3x5 Titanium F/H Cap Screw (8pcs.),SCHRAUBE M3X5 SENKKOPF Titan,4.9755000000000003,EUR,494492590319
B0754,M2X6 F/H CAP SCREW(B0640-1),SCHRAUBE M2X6 SENKKOPF (10) (B0640-1),5.2713999999999999,EUR,4944925025372
B0755,"M2,5X8  F/H CAP SCREW","SCHRAUBE M2,5X8 SENKKOPF (10)",5.2713999999999999,EUR,4944925025389
B0756,M3X14  F/H CAP SCREW,SCHRAUBE M3X14 SENKKOPF,5.3307000000000002,EUR,4944925026904
B0756Ta,M3X14  F/H CAP SCREW TITANIUM,SCHRAUBE M3X14 SENKKOPF TITAN,5.8894000000000002,EUR,4944925042256
B0757,M2X10  F/H CAP SCREW,SCHRAUBE M2X10SENKKOPF,4.7979000000000003,EUR,4944925030864
B0758,M2X16  F/H CAP SCREW (B0640-2),SCHRAUBE M2X16SENKKOPF (B0640-2),5.0936000000000003,EUR,4944925030871
B0759,"M2,5 X 6 F/H CAP SCREW","SCHRAUBE M2,5X6 SENKKOPF",5.5086000000000004,EUR,4944925033063
B0761,SFG 3X6 BF/H SCREW,SCHRAUBE M3X6,5.7457000000000003,EUR,4944925030437
B0762,SFG 3X8 BF/H SCREW,SCHRAUBE M3X8,5.7457000000000003,EUR,4944925030444
B0763,"SHIM SETS  3x5 (0.1, 0.2, 0.3 10pcs each)","ZEHNTELSCHEIBEN SET 3x5 (0.1 / 0.2 / 0.3, 10Stk.)",4.5903999999999998,EUR,4944925039928
B0763T,SJG4x20 Titanium F/H Cap Screw (4pcs.),SCHRAUBE M4X20,10.289400000000001,EUR,4944925037528
B0764,"SHIM SETS  4x6 (0.1, 0.2, 0.3 10pcs each)","ZEHNTELSCHEIBEN SET 4x6 (0.1 / 0.2 / 0.3, 10Stk.)",5.8639000000000001,EUR,4944925039935
B0765,"SHIM SETS  5x7 (0.1, 0.2, 0.3 10pcs each)","ZEHNTELSCHEIBEN SET 5x7 (0.1 / 0.2 / 0.3, 10Stk.)",5.5381999999999998,EUR,4944925039942
B0765a,"ZEHNTELSCHEIBEN SET 5x7 (0.1 / 0.2 / 0.3, 10Stk.)","ZEHNTELSCHEIBEN SET 5x7 (0.1 / 0.2 / 0.3, 10Stk.)",5.5381999999999998,EUR,4944925901195
B0766,"SHIM SETS  6x8 (0.1, 0.2, 0.3 10pcs each)","ZEHNTELSCHEIBEN SET 6x8 (0.1 / 0.2 / 0.3, 10Stk.)",5.6268000000000002,EUR,4944925039959
B0767,"SHIM SETS  8x10 (0.1, 0.2, 0.3 10pcs each)","ZEHNTELSCHEIBEN SET 8x10 (0.1 / 0.2 / 0.3, 10Stk.)",7.1668000000000003,EUR,4944925039966
B0768,"SHIM SETS  10x12 (0.1, 0.2, 0.3 10pcs each)","ZEHNTELSCHEIBEN SET 10x12 (0.1 / 0.2 / 0.3, 10Stk.)",5.6563999999999997,EUR,4944925039973
B0769,"SHIM SETS  12x15 (0.1, 0.2, 0.3 10pcs each)","ZEHNTELSCHEIBEN SET 12x15 (0.1 / 0.2 / 0.3, 10Stk.)",7.9367999999999999,EUR,4944925039980
B0770,E-RING OE 1.2 (20pcs),E-SICHERUNGSRING 1.2 (20Stk),3.4649999999999999,EUR,494492590218
B0771,SCHRAUBE M2X4,SCHRAUBE M2X4,3.9424999999999999,EUR,4944925903427
B0772,SCHRAUBE M3X18,SCHRAUBE M3X18,3.5625,EUR,4944925903465
B0774,Screw SiG2x12,Schraube SiG2x12,3.8298999999999999,EUR,4944925912818
B0775,Screw SiG2x14,Schraube SiG2x14,3.8298999999999999,EUR,4944925912825
B0776,CTW-28,C-Clip Sicherungsclip CTW-28,2.3125,EUR,4944925912832
B2101-B,Top Plate MSB1 V2,Top Plate MSB1 V2,7.81,EUR
B2101,Top Plate MSB1,Top Plate MSB1,7.81,EUR,4944925903519
B2102,Arm Mount Inserts MSB1,Arm Mount Inserts MSB1,7.81,EUR,4944925903526
B2103,"Diff Height Inserts, Gear Box Cap MSB1","Diff Height Inserts, Gear Box Cap MSB1",9.06,EUR,4944925903533
B2103L/R,Gear Box L/R MSB1,Gear Box L/R MSB1,11.22,EUR,4944925903540
B2104,Caster Blocks MSB1,Caster Blocks MSB1,7.19,EUR,4944925903557
B2105,Front Arms MSB1,Front Arms MSB1,8.7200000000000006,EUR,4944925903564
B2106,Rear Arms MSB1,Rear Arms MSB1,9.34,EUR,4944925903571
B2107,Front Link Mount Set MSB1,Front Link Mount Set MSB1,6.56,EUR,4944925903588
B2108,"Rear Hub, Rear Hub Inserts MSB1","Rear Hub, Rear Hub Inserts MSB1",6.56,EUR,4944925903595
B2109,Steering Blocks MSB1,Steering Blocks MSB1,6.22,EUR,4944925903601
B2110-B,"Aluminum Front Bulkhead ""0 MSB1","Aluminum Front Bulkhead ""0 MSB1",21.88,EUR
B2110,"Aluminum Front Bulkhead ""0 MSB1","Aluminum Front Bulkhead ""0 MSB1",21.88,EUR,4944925903618
B2112,Front Inner Hinge Pins MSB1,Front Inner Hinge Pins MSB1,7.47,EUR,4944925903625
B2114,Spindle Trail Inserts 2-4 MSB1,Spindle Trail Inserts 2-4 MSB1,11.56,EUR,4944925903632
B2115,Spindle Trail Inserts 3 MSB1,Spindle Trail Inserts 3 MSB1,11.56,EUR,4944925903649
B2116,Steering Arms CFRP MSB1,Steering Arms CFRP MSB1,11.56,EUR,4944925903656
B2117,King Pins MSB1,King Pins MSB1,10.16,EUR,4944925903663
B2118,Turnbuckles 3.5x43mm MSB1,Turnbuckles 3.5x43mm MSB1,7.81,EUR,4944925903670
B2119,Turnbuckles 3.5x49mm MSB1,Turnbuckles 3.5x49mm MSB1,7.81,EUR,4944925903687
B2120,"Front Link Inserts ""A"" MSB1","Front Link Inserts ""A"" MSB1",9.69,EUR,4944925903694
B2121,"Front Link Inserts ""B"" MSB1","Front Link Inserts ""B"" MSB1",7.81,EUR,4944925903700
B2122,Insert Nuts 0 MSB1,Insert Nuts 0 MSB1,9.5299999999999994,EUR,4944925903717
B2123,Insert Nuts 0.5 MSB1,Insert Nuts 0.5 MSB1,9.69,EUR,4944925903724
B2124,Insert Nuts 1 MSB1,Insert Nuts 1 MSB1,9.69,EUR,4944925903731
B2125,"C"" Mount MSB1","C"" Mount MSB1",15.78,EUR,4944925903748
B2126,"D"" Mount MSB1","D"" Mount MSB1",17.03,EUR,4944925903755
B2127,Rear Link Mount MSB1,Rear Link Mount MSB1,18.440000000000001,EUR,4944925903762
B2128,Rear Hub Link Mounts MSB1,Rear Hub Link Mounts MSB1,18.440000000000001,EUR,4944925903779
B2129,Rear Inner Hinge Pins MSB1,Rear Inner Hinge Pins MSB1,5.94,EUR,4944925903786
B2130,Outer Hinge Pins MSB1,Outer Hinge Pins MSB1,9.69,EUR,4944925903793
B2131/10,?5.5 Ball Studs 10mm MSB1,?5.5 Ball Studs 10mm MSB1,10.31,EUR,4944925903823
B2131/6,?5.5 Ball Studs 6mm MSB1,?5.5 Ball Studs 6mm MSB1,11.41,EUR,4944925903809
B2131/8,?5.5 Ball Studs 8mm MSB1,?5.5 Ball Studs 8mm MSB1,11.56,EUR,4944925903816
B2132,Anti-roll Bar Hardware MSB1,Anti-roll Bar Hardware MSB1,10.31,EUR,4944925903830
B2134/09,Front Anti-roll Bar(?0.9) MSB1,Front Anti-roll Bar(?0.9) MSB1,4.34,EUR,4944925903847
B2134/10,Front Anti-roll Bar(?1.0) MSB1,Front Anti-roll Bar(?1.0) MSB1,4.34,EUR,4944925903854
B2134/11,Front Anti-roll Bar(?1.1) MSB1,Front Anti-roll Bar(?1.1) MSB1,4.34,EUR,4944925903861
B2134/12,Front Anti-roll Bar(?1.2) MSB1,Front Anti-roll Bar(?1.2) MSB1,4.34,EUR,4944925903878
B2135/10,Rear Anti-roll Bar(?1.0) MSB1,Rear Anti-roll Bar(?1.0) MSB1,4.34,EUR,4944925903885
B2135/11,Rear Anti-roll Bar(?1.1) MSB1,Rear Anti-roll Bar(?1.1) MSB1,4.34,EUR,4944925903892
B2135/12,Rear Anti-roll Bar(?1.2) MSB1,Rear Anti-roll Bar(?1.2) MSB1,4.34,EUR,4944925903908
B2135/13,Rear Anti-roll Bar(?1.3) MSB1,Rear Anti-roll Bar(?1.3) MSB1,4.34,EUR,4944925903915
B2135/14,Rear Anti-roll Bar(?1.4) MSB1,Rear Anti-roll Bar(?1.4) MSB1,4.34,EUR,4944925903922
B2136/10,Titanium?5.5 Ball Studs 10mm,Titanium?5.5 Ball Studs 10mm,11.25,EUR,4944925903953
B2136/6,Titanium?5.5 Ball Studs 6mm,Titanium?5.5 Ball Studs 6mm,11.25,EUR,4944925903939
B2136/8,Titanium?5.5 Ball Studs 8mm,Titanium?5.5 Ball Studs 8mm,11.25,EUR,4944925903946
B2137,Titanium Turnbuckles 3.5x43mm MSB1,Titanium Turnbuckles 3.5x43mm MSB1,12.47,EUR,4944925903960
B2138,Titanium Turnbuckles 3.5x49mm MSB1,Titanium Turnbuckles 3.5x49mm MSB1,14.34,EUR,4944925903977
B2139,Brass Front Bulkhead Spacer 1mm MSB1,Brass Front Bulkhead Spacer 1mm MSB1,12.47,EUR,4944925904905
B2301-B,Gear Set for Ball Diff MSB1 V2,Gear Set for Ball Diff MSB1 V2,10.34,EUR
B2301,Gear Set for Ball Diff MSB1,Gear Set for Ball Diff MSB1,10.34,EUR,4944925903984
B2302-B,Gear Diff Case Set MSB1 V2,Gear Diff Case Set MSB1 V2,7.81,EUR
B2302,Gear Diff Case Set MSB1,Gear Diff Case Set MSB1,7.81,EUR,4944925903991
B2303,Aluminum Front Axles MSB1,Aluminum Front Axles MSB1,10.47,EUR,4944925904004
B2304,Clamping Wheel Hubs 5mm MSB1,Clamping Wheel Hubs 5mm MSB1,10.47,EUR,4944925904011
B2305,CVA Drive Shaft Kit MSB1,CVA Drive Shaft Kit MSB1,37.47,EUR,4944925904028
B2306,CVA Rear Axles MSB1,CVA Rear Axles MSB1,13.72,EUR,4944925904035
B2307,CVA Rebuild Kit MSB1,CVA Rebuild Kit MSB1,5.94,EUR,4944925904042
B2308,CVA Bones 67mm MSB1,CVA Bones 67mm MSB1,22.19,EUR,4944925904059
B2309,Top Shaft Set MSB1,Top Shaft Set MSB1,16.559999999999999,EUR,4944925904066
B2311,Grooved Slipper Hubs MSB1,Grooved Slipper Hubs MSB1,23.44,EUR,4944925904073
B2312,"Slipper Spring, Collars MSB1","Slipper Spring, Collars MSB1",9.34,EUR,4944925904080
B2313,Slipper Pads MSB1 (2pcs),Slipper Pads MSB1 (2 Stk),23.09,EUR,4944925904745
B2315,Ball Diff Outdrives MSB1,Ball Diff Outdrives MSB1,22.19,EUR,4944925904097
B2316,"Ball Diff Screw, Spring MSB1","Ball Diff Screw, Spring MSB1",7.97,EUR,4944925904103
B2317,Ball Diff Rings MSB1,Ball Diff Rings MSB1,4.34,EUR,4944925904110
B2318,"Thrust Balls, Washers MSB1","Thrust Balls, Washers MSB1",11.72,EUR,4944925904127
B2319,Diff Balls 3/32 MSB1,Diff Balls 3/32 MSB1,16.559999999999999,EUR,4944925904134
B2321,Gear Diff Outdrives MSB1,Gear Diff Outdrives MSB1,11.56,EUR,4944925904141
B2322,Gear Set for Gear Diffs MSB1,Gear Set for Gear Diffs MSB1,10.59,EUR,4944925904158
B2322C,Friction O-rings MSB1,Friction O-rings MSB1,4.34,EUR,4944925904165
B2323,Gear Diff Case Gaskets MSB1,Gear Diff Case Gaskets MSB1,7.47,EUR,4944925904172
B2324,Motor Plate MSB1,Motor Plate MSB1,15.59,EUR,4944925904189
B2325/72,Spur Gear 72T MSB1,Spur Gear 72T MSB1,6.22,EUR,4944925904196
B2325/78,Spur Gear 78T MSB1,Spur Gear 78T MSB1,6.22,EUR,4944925904202
B2327,Titanium Front Axles MSB1,Titanium Front Axles MSB1,35.590000000000003,EUR,4944925904219
B2328,Direct Drive Kit MSB1,Direct Drive Kit MSB1,20.94,EUR,4944925904226
B2329-B,Gear Diff Kit MSB1 V2,Gear Diff Kit MSB1 V2,28.72,EUR
B2329,Gear Diff Kit MSB1,Gear Diff Kit MSB1,28.72,EUR,4944925904233
B2330-B,Ball Diff Kit MSB1 V2,Ball Diff Kit MSB1 V2,47.47,EUR
B2330,Ball Diff Kit MSB1,Ball Diff Kit MSB1,47.47,EUR,4944925904240
B2331,PIN Φ2.5 x 9.8,STIFT 2.5 X 9.8,4.2350000000000003,EUR,4944925905315
B2332,Friction O-rings (Soft)  MSB1,Friction O-rings (Soft)  MSB1,4.34,EUR,4944925905421
B2333,CVA Bones 68mm MSB1,CVA Bones 68mm MSB1,22.19,EUR
B2334,CVA Universal Joint MSB1,CVA Universal Joint MSB1,37.47,EUR
B2501,"Shock Rod End, Spring Cup Set MSB1","Shock Rod End, Spring Cup Set MSB1",7.47,EUR,4944925904257
B2502,"Shock Caps, Shock Tools MSB1","Shock Caps, Shock Tools MSB1",9.9700000000000006,EUR,4944925904264
B2503,Front Shock Tower CFRP MSB1,Front Shock Tower CFRP MSB1,16.22,EUR,4944925904271
B2504,Rear Shock Tower CFRP MSB1,Rear Shock Tower CFRP MSB1,16.84,EUR,4944925904288
B2505,Front Shock Kit MSB1,Front Shock Kit MSB1,48.09,EUR,4944925904295
B2506,Rear Shock Kit MSB1,Rear Shock Kit MSB1,49.34,EUR,4944925904301
B2507,Front Shock Bodies MSB1,Front Shock Bodies MSB1,22.47,EUR,4944925904318
B2508,Rear Shock Bodies MSB1,Rear Shock Bodies MSB1,23.72,EUR,4944925904325
B2509,Front Shock Shafts MSB1,Front Shock Shafts MSB1,11.22,EUR,4944925904332
B2510,Rear Shock Shafts MSB1,Rear Shock Shafts MSB1,11.22,EUR,4944925904349
B2511,Shock Seal Bushings MSB1,Shock Seal Bushings MSB1,9.9700000000000006,EUR,4944925904356
B2512,X-rings MSB1,X-rings MSB1,10.59,EUR,4944925904363
B2513,Shock Bottom Caps MSB1,Shock Bottom Caps MSB1,10.59,EUR,4944925904370
B2514,Shock Threaded Collars MSB1,Shock Threaded Collars MSB1,10.59,EUR,4944925904387
B2515,Shock Bushings MSB1,Shock Bushings MSB1,10.59,EUR,4944925904394
B2516,Shock Pivot Balls MSB1,Shock Pivot Balls MSB1,8.09,EUR,4944925904400
B2517L,"Rear Lower Shock Mount ""A""/L MSB1","Rear Lower Shock Mount ""A""/L MSB1",13.09,EUR,4944925904417
B2517R,"Rear Lower Shock Mount ""A""/R MSB1","Rear Lower Shock Mount ""A""/R MSB1",13.72,EUR,4944925904424
B2521,Shock Pisonts 2mm/?1.6x4 MSB1,Shock Pisonts 2mm/?1.6x4 MSB1,5.78,EUR,4944925904431
B2522,Shock Pistons 2mm/?1.7x4 MSB1,Shock Pistons 2mm/?1.7x4 MSB1,5.78,EUR,4944925904448
B2523,Shock Pistons 2mm/?1.7x2+?1.8x2 MSB1,Shock Pistons 2mm/?1.7x2+?1.8x2 MSB1,5.78,EUR,4944925904455
B2524,Shock Seal O-rings MSB1,Shock Seal O-rings MSB1,4.53,EUR,4944925904462
B2525,Front Shock Spring 1dot,Front Shock Spring 1dot,7.81,EUR,4944925904837
B2526,Front Shock Spring 2dots,Front Shock Spring 2dots,7.81,EUR,4944925904844
B2527,Front Shock Spring 3dots,Front Shock Spring 3dots,7.81,EUR,4944925904851
B2528,Front Shock Spring 4dots,Front Shock Spring 4dots,7.81,EUR,4944925904868
B2529,Rear Shock Spring 1dot,Rear Shock Spring 1dot,7.81,EUR,4944925904875
B2530,Rear Shock Spring 2dots,Rear Shock Spring 2dots,7.81,EUR,4944925904882
B2531,Rear Shock Spring 3dots,Rear Shock Spring 3dots,7.81,EUR,4944925904899
B2532,Shock Pistons 2mm/Blank MSB1,Shock Pistons 2mm/Blank MSB1,6.22,EUR,4944925904912
B2533,Rear Shock Spring 4dots,Rear Shock Spring 4dots,7.81,EUR,4944925905377
B2534,Front Shock Spring 5dots,Front Shock Spring 5dots,7.81,EUR,4944925905384
B2535,Rear Shock Spring 5dots,Rear Shock Spring 5dots,7.81,EUR,4944925905711
B2536/00,Shock Pistons 2.5mm/Blank MSB1,Shock Pistons 2.5mm/Blank MSB1,6.22,EUR
B2536/16,Shock Pistons 2.5mm/φ1.6x2 MSB1,Shock Pistons 2.5mm/φ1.6x2 MSB1,6.22,EUR
B2536/17,Shock Pistons 2.5mm/φ1.7x2 MSB1,Shock Pistons 2.5mm/φ1.7x2 MSB1,6.22,EUR
B2536/18,Shock Pistons 2.5mm/φ1.8x2 MSB1,Shock Pistons 2.5mm/φ1.8x2 MSB1,6.22,EUR
B2536/19,Shock Pistons 2.5mm/φ1.9x2 MSB1,Shock Pistons 2.5mm/φ1.9x2 MSB1,6.22,EUR
B2536/20,Shock Pistons 2.5mm/φ2.0x2 MSB1,Shock Pistons 2.5mm/φ2.0x2 MSB1,6.22,EUR
B2701/1,Ball Cups MSB1,Ball Cups MSB1,7.19,EUR,4944925904479
B2701/2,"Anti-roll Bar Link, ESC Mount Plate MSB1","Anti-roll Bar Link, ESC Mount Plate MSB1",7.19,EUR,4944925904486
B2702,Steering Plastic Parts Set MSB1,Steering Plastic Parts Set MSB1,10.59,EUR,4944925904493
B2703,Battery Mount Set MSB1,Battery Mount Set MSB1,8.09,EUR,4944925904509
B2704,Steering Hardware MSB1,Steering Hardware MSB1,8.09,EUR,4944925904516
B2706/23,Aluminum Servo Horn 23T MSB1,Aluminum Servo Horn 23T MSB1,23.09,EUR,4944925904523
B2706/25,Aluminum Servo Horn 25T MSB1,Aluminum Servo Horn 25T MSB1,23.09,EUR,4944925904530
B2707,Aluminum Servo Mount MSB1,Aluminum Servo Mount MSB1,24.34,EUR,4944925904547
B2708,Aluminum Steering Bellcranks MSB1,Aluminum Steering Bellcranks MSB1,24.5,EUR,4944925904554
B2709,Aluminum Steering Rack MSB1,Aluminum Steering Rack MSB1,17.47,EUR,4944925904561
B2710,Servo Weight MSB1,Servo Weight MSB1,11.84,EUR,4944925904578
B2711,ESC Mount Plate CFRP MSB1,ESC Mount Plate CFRP MSB1,17.47,EUR,4944925904585
B2712,ESC Mount Plate Brass MSB1,ESC Mount Plate Brass MSB1,11.41,EUR,4944925904592
B2713,Battery Weight 37g MSB1,Battery Weight 37g MSB1,12.03,EUR,4944925904608
B2714,Battery Weight 19g MSB1,Battery Weight 19g MSB1,10.47,EUR,4944925904615
B2801,Chassis Brace Set MSB1,Chassis Brace Set MSB1,7.19,EUR,4944925904622
B2802,Side Guards MSB1,Side Guards MSB1,8.2799999999999994,EUR,4944925904639
B2803,"Wing Mount Set, Front Bumper MSB1","Wing Mount Set, Front Bumper MSB1",9.69,EUR,4944925904646
B2805,Aluminum Wing Buttons MSB1,Aluminum Wing Buttons MSB1,7.19,EUR,4944925904653
B2806,Main Chassis MSB1,Main Chassis MSB1,61.5,EUR,4944925904660
B2807,Velcro Tape (150mm) MSB1,Velcro Tape (150mm) MSB1,4.0599999999999996,EUR,4944925904677
B2808,Main Chassis -4mm,Main Chassis -4mm,61.5,EUR
B2901W,2WD Front Wheels 2.2in 12mm Hex (White) MSB1,2WD Front Wheels 2.2in 12mm Hex (White) MSB1,4.5,EUR,4944925904684
B2901W/8,2WD Front Wheels 2.2in 12mm Hex (White) MSB1 (8 pcs),2WD Front Wheels 2.2in 12mm Hex (White) MSB1 (8 Stk),12,EUR,4944925905339
B2901Y,2WD Front Wheels 2.2in 12mm Hex (Yellow) MSB1,2WD Front Wheels 2.2in 12mm Hex (Yellow) MSB1,4.5,EUR,4944925904691
B2901Y/8,2WD Front Wheels 2.2in 12mm Hex (Yellow) MSB1 (8 pcs),2WD Front Wheels 2.2in 12mm Hex (Yellow) MSB1 (8 Stk),12,EUR,4944925905346
B2902W,Rear Wheels 2.2in 12mm (White) MSB1,Rear Wheels 2.2in 12mm (White) MSB1,5.5,EUR,4944925904707
B2902W/8,Rear Wheels 2.2in 12mm (White) MSB1 (8 pcs),Rear Wheels 2.2in 12mm (White) MSB1 (8 Stk),12.5,EUR,4944925905353
B2902Y,Rear Wheels 2.2in 12mm (Yellow) MSB1,Rear Wheels 2.2in 12mm (Yellow) MSB1,5.5,EUR,4944925904714
B2902Y/8,Rear Wheels 2.2in 12mm (Yellow) MSB1 (8 pcs),Rear Wheels 2.2in 12mm (Yellow) MSB1 (8 Stk),12.5,EUR,4944925905360
B2903,Body/Front Wing MSB1,Body/Front Wing MSB1,12.47,EUR,4944925904721
B2904,Rear Wings MSB1,Rear Wings MSB1,10.59,EUR,4944925904738
B2905,Bearings (?5x?13x4) 2pcs.,Bearings (?5x?13x4) 2pcs.,6.84,EUR,4944925904752
B2905/1,Bearings (?5x?13x4) 10pcs.,Bearings (?5x?13x4) 10pcs.,21.84,EUR,4944925904769
B2907,Bearings (?10x?15x4) 2pcs.,Bearings (?10x?15x4) 2pcs.,6.22,EUR,4944925904783
B2907/1,Bearings (?10x?15x4) 10pcs.,Bearings (?10x?15x4) 10pcs.,23.09,EUR,4944925904790
B2908,MSB-1 INSTRUCTION MANUAL,BAUANLEITUNG MSB-1,1.8153999999999999,EUR,4944925904820
B2909W,2WD Front Narrow Wheels 2.2in 12mm Hex (White) MSB1,2WD Front Narrow Wheels 2.2in 12mm Hex (White) MSB1,3.9,EUR,4944925905605
B2909W/8,2WD Front Narrow Wheels 2.2in 12mm Hex (White) MSB1 (8 pcs),2WD Front Narrow Wheels 2.2in 12mm Hex (White) MSB1 (8 Stk),10.5,EUR,4944925905629
B2909Y,2WD Front Narrow Wheels 2.2in 12mm Hex (Yellow) MSB1,2WD Front Narrow Wheels 2.2in 12mm Hex (Yellow) MSB1,3.9,EUR,4944925905612
B2909Y/8,2WD Front Narrow Wheels 2.2in 12mm Hex (Yellow) MSB1 (8 pcs),2WD Front Narrow Wheels 2.2in 12mm Hex (Yellow) MSB1 (8 Stk),10.5,EUR,4944925905391
B2910,Lightweight  Body/Front Wing MSB1,Lightweight  Body/Front Wing MSB1,12.47,EUR,4944925905391
C0107Da,PIVOT BALL 7MM (4),KUGELKÖPFE 7MM,2.5324,EUR,4944925043543
C0114,WASHER SET,DISTANZSCHEIBEN-SET (4+10+5),3.9053,EUR,4944925301148
C0115,UPPER ARM LINK,KUGELPFANNEN QUERLENKER HA OBEN (8),4.3300999999999998,EUR,4944925301155
C0122S,LOWER SUS. SHAFT S,DREHACHSEN ACHSSCHENKEL HA,3.9346999999999999,EUR,4944925240331
C0129,FRONT UPPER ARM ROD,GEWINDESTANGEN RE/LI FÜR QUERLENKER VA,11.2325,EUR,4944925301292
C0160,PIVOT BALL,KUGELBOLZEN 13.9MM (4),30.1128,EUR,4944925301605
C0161,ADJUST NUT,EINSTELLMUTTERN FÜR KUGELBOLZEN (4),4.6071,EUR,4944925301612
C0163,LOWER SUS. SHAFT L,DREHACHSEN QUERLENKER UNTEN (4),11.761799999999999,EUR,4944925301636
C0167A,FRONT ANTI-ROLL BAR 2.1MM,STABILISATOR VA 2.1MM,3.9805000000000001,EUR,4944925007712
C0171,FRONT ANTI ROLL BAR 2.3MM,STABILISATOR VA 2.3MM,4.4364999999999997,EUR,4944925301711
C0183,REAR ANTI ROLL BAR 2.6MM,STABILISATOR HA 2.6MM,3.9390000000000001,EUR,4944925301834
C0184,REAR ANTI ROLL BAR 2.8MM,STABILISATOR HA 2.8MM,3.7315,EUR,4944925301841
C0211,BEVEL GEAR,DIFFERENTIAL-KEGELRAD,6.9250999999999996,EUR,4944925302114
C0222C,DIFF. SHAFT,DIFF WELLEN,3.5834000000000001,EUR,4944925007149
C0224,CUP JOINT CENTER,DIFFERENTIAL-KLAUEN MITTELDIFFERENTIAL,8.3134999999999994,EUR,4944925302244
C0227,SPACER (FOR C0228),DIFFERENTIAL-EINMEßSCHEIBEN (10+20),4.7385999999999999,EUR,4944925302275
C0228,DIFF GEAR W/O-RING,DIFFERENTIAL-ZAHNRÄDER MIT O-RINGEN,8.8611000000000004,EUR,4944925302282
C0229,DIFF. GEAR 18T (2PCS.),DIFFERENTIAL-ZAHNRÄDER 18 ZÄHNE (2),5.0636000000000001,EUR,4944925005190
C0230,DIFF. GEAR 10T (4PCS.),DIFFERENTIAL-ZAHNRÄDER 10 ZÄHNE (4),5.0263,EUR,4944925005206
C0256,DIFF CASE,DIFFERENTIAL-GEHÄUSE,5.3003,EUR,4944925302565
C0257,DIFF GASKET,DICHTUNGEN FÜR DIFFERENTIALGEHÄUSE (10),5.5423999999999998,EUR,4944925302572
C0258,CONICAL GEAR,DIFFERENTIAL-TELLERRAD  STAHL,29.8217,EUR,4944925302589
C0259,SPUR GEAR,HAUPTZAHNRAD STAHL,34.289499999999997,EUR,4944925302596
C0260,F/R UNIVERSAL JOINT SET,ANTRIEBSWELLEN MIT KARDANGELENK VA/HA,43.12,EUR,4944925302602
C0263,F/R AXLE SHAFT,RADACHSEN MIT GELENKKAPPE FÜR C0260,16.5167,EUR,4944925302633
C0264,JOINT SHAFT,GELENKSTÜCK FÜR C0260/261/263,3.0920999999999998,EUR,4944925302640
C0265,JOINT PIN,STIFT 2.5 X 15.8 FÜR GELENKSTÜCK,2.5131999999999999,EUR,4944925302657
C0266,JOINT CUP,GELENKKAPPE FÜR C0261/C0262,8.7972000000000001,EUR,4944925302664
C0267,F/R DRIVE SHAFT,ANTRIEBSWELLEN AUS C0260,28.769400000000001,EUR,4944925302671
C0270,JOINT PIN 3 X 12.8,STIFT 3.0 X 12.8 FÜR GELENKSTÜCK,3.5834000000000001,EUR,4944925302701
C0271,JOINT PIN 3 X 13.8,STIFT 3.0 X 13.8 FÜR GELENKSTÜCK,3.8628999999999998,EUR,4944925302718
C0272,CONICAL GEAR 38T,DIFFERENTIAL-TELLERRAD  STAHL 38 Z.,37.6402,EUR,4944925302725
C0273,BEVEL GEAR FOR C0272,DIFFERENTIAL-KEGELRAD FÜR C0272,7.5204000000000004,EUR,4944925302732
C0274,SPUR GEAR 44T,HAUPTZAHNRAD STAHL 44 Z.,32.390700000000002,EUR,4944925302749
C0304A,BRAKE PLATE,BREMSPLATTEN,3.6011000000000002,EUR,4944925007156
C0308,COMP BRAKE DISK,BREMSSCHEIBEN WETTBEWERB,4.8955000000000002,EUR,4944925303081
C0351,RECEIVER BOX,EMPFÄNGERBOX,8.3771000000000004,EUR,4944925303517
C0354,BRAKE DISC,BREMSSCHEIBEN,3.2795999999999998,EUR,4944925303548
C0356,SERVO SAVER SHAFT,SERVO-SAVER DREHACHSEN,7.0011000000000001,EUR,4944925303562
C0357,SERVO SAVER PIPE,SERVO-SAVER FEDERAUFNAHME,4.6623000000000001,EUR,4944925303579
C0358,SERVO SAVER SPRING,SERVO-SAVER FEDER,2.0981999999999998,EUR,4944925303586
C0526,FRONT DAMPER SHAFT,DÄMPFER-KOLBENSTANGE VA,8.0893999999999995,EUR,4944925305269
C0529Aa,DAMPER PIVOT (4),DÄMPFER-BEFESTIGUNG KUGELKOPF,6.0366,EUR,4944925043550
C0569,DAMPER CAP BUSH,DÄMPFER-FÜHRUNGSEINSÄTZE,3.5514999999999999,EUR,4944925305603
C0570,STEEL DAMPER MOUNT,DÄMPFER-BEFESTIGUNG STAHL,4.0491000000000001,EUR,4944925305702
C0582,DAMPER CAP,DÄMPFER VERSCHLUßKAPPEN,15.6494,EUR,4944925002755
C0583,FRONT DAMPER CASE,DÄMPFER GEHÄUSE VA,15.9162,EUR,4944925002762
C0584,REAR DAMPER CASE,DÄMPFER GEHÄUSE HA,15.345000000000001,EUR,4944925002779
C0585,FRONT DAMPER SHAFT,DÄMPFER KOLBENSTANGE VA,7.3445,EUR,4944925002786
C0586,REAR DAMPER SHAFT,DÄMPFER KOLBENSTANGE HA,6.6338999999999997,EUR,4944925002793
C0587,DAMPER END PARTS,DÄMPFER BEFESTIGUNGSTEILE,6.0965999999999996,EUR,4944925002809
C0588,SPACER,DÄMPFER DISTANZSCHEIBEN,9.7347000000000001,EUR,4944925002816
C0589,DIAPHRAGM,DÄMPFER MEMBRANE (8),5.1618000000000004,EUR,4944925002823
C0590,OIL SEAL SET,DÄMPFER DICHTUNGS SET,8.8000000000000007,EUR,4944925002830
C0591,DAMPER PISTON,DÄMPFER KOLBEN,4.8868,EUR,4944925002847
C0592,FRONT SPRING (SOFT: LIGHT BLUE),"DÄMPFER FEDERN  VA HELLBLAU, SOFT",9.0625,EUR,4944925002960
C0593,FRONT SPRING (MED: GREY),"DÄMPFER FEDERN  VA GRAU, MEDIUM",8.5589999999999993,EUR,4944925002977
C0595,REAR SPRING (SOFT: LIGHT BLUE),"DÄMPFER FEDERN  HA HELLBLAU, SOFT",8.8825000000000003,EUR,4944925002991
C0596,REAR SPRING (MED: GREY),"DÄMPFER FEDERN  HA GRAU, MEDIUM",8.7385000000000002,EUR,4944925003004
C0597,REAR SPRING (HARD: WHITE),"DÄMPFER FEDERN  HA WEIß, HART",8.8825000000000003,EUR,4944925003011
C0598,1.5 X 2 DAMPER PISTON (4),DÄMPFER KOLBEN 1.5 X 2,7.5075000000000003,EUR,4944925003769
C0599,1.9 X 1 DAMPER PISTON (2),DÄMPFER KOLBEN 1.9 X 1,4.0425000000000004,EUR,4944925008610
C0601-1,BEARING (8X16X5) SET,KUGELLAGER (8X16X5) DICHTLIPPE (10),20.849299999999999,EUR,4944925241109
C0601-1a,KUGELLAGER (8X16X5) DICHTLIPPE (10),KUGELLAGER (8X16X5) DICHTLIPPE (10),20.849299999999999,EUR,4944925046575
C0601,BEARING (8X16),KUGELLAGER (8X16),7.0823,EUR,4944925306013
C0602-1,BEARING (5X8) (2PCS),KUGELLAGER (5X8) (2),7.0823,EUR,4944925006203
C0602-2a,BEARING (5X8) (10PCS),KUGELLAGER (5X8) (10),24.721299999999999,EUR,4944925038198
C0602-2b,KUGELLAGER (5X8) (10),KUGELLAGER (5X8) (10),24.721299999999999,EUR,4944925046582
C0605,SERVO SAVER BEARING (2 PCS.),KUGELLAGER FÜR SERVO-SAVER (2),7.0823,EUR,4944925306051
C0702B,TAPER CONE,KONUS,1.6196999999999999,EUR,4944925017179
C0704,ENGINE NUT  (SG),KURBELWELLENMUTTER SERP/SG-WELLE,4.5145,EUR,4944925307041
C0707,CARBON SHOE FOR 3-PIN CLUTCH,KUPPLUNGS-BELÄGE 3-STIFTKUPPLUNG (3) CARBON,7.9309000000000003,EUR,4944925307072
C0708A,SPRING FOR 3-PIN CLUTCH,KUPPLUNGS-FEDERN 1.0MM (3),3.7273000000000001,EUR,4944925034879
C0711,SHOE FOR 3-PIN CLUTCH (WHITE),KUPPLUNGS-BELÄGE FÜR C0710  (3),6.9298999999999999,EUR,4944925307119
C0723,ENGINE MOUNT FLAT SCREW,MOTORBEF.-SCHRAUBEN MIT SCHEIBEN (4),5.1528,EUR,4944925307232
C0751,SPRING FOR 3-PIN CLUTCH 0.9MM,KUPPLUNGS-FEDERN 0.9MM (3),3.9882,EUR,4944925307515
C0753,SPRING FOR 3-PIN CLUTCH 1.1MM,KUPPLUNGS-FEDERN 1.1MM (3),3.6617999999999999,EUR,4944925307539
C0753A,SPRING FOR 3-PIN CLUTCH 1.1MM,KUPPLUNGS-FEDERN 1.1MM (3),4.3808999999999996,EUR,4944925034886
C0754,ALUMI. CLUTCH SHOE (3),KUPPLUNGS BELÄGE ALUMINIUM (3),22.021999999999998,EUR,4944925002892
C0801A,BALL LINK,KUGELPFANNEN,3.4060000000000001,EUR,4944925007170
C0801C,PIVOT BALL,KÜGELKÖPFE,3.5385,EUR,4944925007187
C0801Ha,PIVOT BUSH,FÜHRUNGSHÜLSE,3.5834000000000001,EUR,4944925043567
C0804A,TURN BUCKLE TIE ROD 51MM,SPURSTANGEN (51MM),7.8771000000000004,EUR,4944925007064
C0858A,TURN BUCKLE TIE ROD 47,GEWINDESTANGE RE/LI 47MM,2.6867999999999999,EUR,4944925014680
D0104R,REAR LOWER SHAFT,DREHACHSEN QUERLENKER HA UNTEN,4.9077000000000002,EUR,4944925240799
D0105R,KING PIN BALL (2 PCS),KUGELBOLZEN 8MM,4.6836000000000002,EUR,4944925240133
D0206,INNER DRIVE JOINT,ANTRIEBSWELLENAUFNAHME,8.4288000000000007,EUR,4944925402067
D0219,REAR HALF SHAFT,ANTRIEBSWELLEN HA,7.9878,EUR,4944925402197
D0505,FRONT DAMPER SHAFT,DÄMPFER KOLBENSTANGE VA,5.7538999999999998,EUR,4944925405051
D0506,REAR DAMPER SHAFT,DÄMPFER-KOLBENSTANGE,5.2461000000000002,EUR,4944925405068
D0508,DIAPHRAGM,DÄMPFER-MEMBRANE (8),4.5145,EUR,4944925405082
D0509a,O-RING SET,DÄMPFER-O-RINGE (8),9.4346999999999994,EUR,4944925045943
D0601,BEARING (12X21),KUGELLAGER (12X21),6.2144000000000004,EUR,4944925406010
D0602,BEARING (6X13),KUGELLAGER (6X13),7.2195,EUR,4944925406027
D0807,BODY PIN,KAROSSERIESPLINTE (8),3.6850999999999998,EUR,4944925408076
D0808,E-RING SET,E-RINGE (8+10+2),3.3971,EUR,4944925408083
E0021,MBX5T INSTRUCTION MANUAL,BAUANLEITUNG MBX-5T,2.4,EUR,4944925014741
E0022,MBX5T DECAL,DEKORBOGEN MBX-5T,5.5506000000000002,EUR,4944925014758
E0023,MBX5T DECAL (3),DEKORBOGEN MBX-5T (3),2.7416,EUR,4944925015007
E0031,MBX5T PROSPEC INSTRUCTION MANUAL,BAUANLEITUNG MBX-5T PROSPEC,2.8308,EUR,4944925015014
E0032,MBX5T DECAL PROSPEC,DEKORBOGEN MBX-5T PROSPEC,8.2245000000000008,EUR,4944925015021
E0041,MBX-5R INSTRUCTION MANUAL,BAUANLEITUNG MBX-5R,3.2462,EUR,4944925015311
E0042,MBX-5R DECAL,DEKORBOGEN MBX-5R,2.7416,EUR,4944925015328
E0051,MBX-6 INSTRUCTION MANUAL,BAUANLEITUNG MBX-6,4.3692000000000002,EUR,4944925017919
E0052,MBX-6 DECAL,DEKORBOGEN MBX-6,4.0278,EUR,4944925017926
E0053,MBX-6 DECAL 2PCS.,DEKORBOGEN MBX-6 (2),11.9816,EUR,4944925019173
E0061,MBX-6 INSTRUCTION MANUAL MBX6T,BAUANLEITUNG MBX-6T TRUGGY,1.8924000000000001,EUR,4944925019975
E0062,MBX-6T DECAL,DEKORBOGEN MBX-6T TRUGGY,8.1567000000000007,EUR,4944925019982
E0063,MBX-6T DECAL 3PCS.,DEKORBOGEN MBX-6T TRUGGY (3),11.541600000000001,EUR,4944925020193
E0101,FRONT UPPER PLATE,BEFESTIGUNGSPLATTE VA OBEN,11.9816,EUR,4944925006685
E0102,CENTER DIFF MOUNT PLATE,BEFESTIGUNGSPLATTE MITTE DIFF,11.236700000000001,EUR,4944925006692
E0103,GEAR BOX,GETRIEBEBOX VA/HA,9.2652999999999999,EUR,4944925006708
E0104-B,CENTER DIFF MOUNT MBX-5R,TRÄGERBÖCKE FÜR MITTELDIFFERENTIAL MBX-6/6T,9.1952999999999996,EUR,4944925015144
E0105,LOWER ARM MOUNT,QUERLENKERBEFESTIGUNG UNTEN,7.6155999999999997,EUR,4944925006722
E0106-B,FRONT UPPER ARM MBX-5R,QUERLENKER VA OBEN MBX-5R,7.7569999999999997,EUR,4944925015076
E0106,FRONT UPPER ARM,QUERLENKER VA OBEN,6.27,EUR,4944925006739
E0107-B,FRONT LOWER ARM MBX-5R,QUERLENKER VA UNTEN MBX-5R,7.5564,EUR,4944925015113
E0107,FRONT LOWER ARM,QUERLENKER VA UNTEN,8.36,EUR,4944925006746
E0108-B,REAR LOWER ARM MBX-5R,QUERLENKER HA UNTEN MBX-5R,9.8068000000000008,EUR,4944925015120
E0108,REAR LOWER ARM,QUERLENKER HA UNTEN,7.0735999999999999,EUR,4944925006753
E0109-B,FRONT UPRIGHT MBX-5R,LENKHEBEL VA MBX-5R,8.4807000000000006,EUR,4944925015137
E0110,REAR UPRIGHT,ACHSSCHENKEL HA,6.1090999999999998,EUR,4944925006777
E0113,REAR LOWER ARM SUPPORT,FÜHRUNG FÜR QUERLENKER HA UNTEN,5.2652000000000001,EUR,4944925006807
E0116,FRONT UPPER ARM SHAFT,DREHACHSEN QUERLENKER VA OBEN,4.0617999999999999,EUR,4944925006838
E0117,TITANIUM UPPER ARM,GEWINDESTANGEN RE/LI TITAN,34.194600000000001,EUR,4944925007729
E0118,REAR LOWER ARM SUPPORT 5MM,FÜHRUNG FÜR QUERLENKER HA UNTEN 5MM,23.112500000000001,EUR,4944925008047
E0119,FRONT LOWER ARM SUPPORT 4MM,FÜHRUNG FÜR QUERLENKER VA UNTEN 4MM,20.79,EUR,4944925007989
E0122,DISH WASHER 3.5MM MBX-5,DISTANZSCHEIBEN 3.5MM MBX-5,2.7498999999999998,EUR,4944925008337
E0123,LOWER ARM SHAFT (4),DREHACHSEN QUERLENKER UNTEN X6,24.834700000000002,EUR,4944925009082
E0124,LOWER ARM SHAFT S,DREHACHSEN ACHSSCHENKEL HA M. NYLON X5,9.3924000000000003,EUR,4944925009099
E0125,REAR LOWER ARM MOUNT,QUERLENKERBEFESTIGUNG HA UNTEN,5.94,EUR,4944925010132
E0126,AL. REAR UPRIGHT,ACHSSCHENKEL HA ALUMINIUM (RE/LI),72.879300000000001,EUR,4944925009990
E0127,FRONT ANTI ROLL BAR 2.5MM MBX-5,STABILISATOR-SET VA 2.5MM MBX-5,4.6020000000000003,EUR,4944925010941
E0128,FRONT ANTI ROLL BAR 2.7MM MBX-5,STABILISATOR-SET VA 2.7MM MBX-5,5.68,EUR,4944925010958
E0129,REAR ANTI ROLL BAR 3.0MM MBX-5,STABILISATOR-SET HA 3.0MM MBX-5,5.8045,EUR,4944925010965
E0130,REAR ANTI ROLL BAR 2.9MM MBX-5,STABILISATOR-SET HA 2.9MM MBX-5,5.5145,EUR,4944925011184
E0131,FRONT ANTI ROLL BAR 2.4MM MBX-5,STABILISATOR-SET VA 2.4MM MBX-5,4.3949999999999996,EUR,4944925011399
E0132,FRONT UPPER ARM,QUERLENKER VA OBEN MBX-5T,7.2747999999999999,EUR,4944925014239
E0133,FRONT LOWER ARM,QUERLENKER VA UNTEN MBX-5T,7.7168000000000001,EUR,4944925014246
E0134,REAR LOWER ARM,QUERLENKER HA UNTEN MBX-5T,10.7713,EUR,4944925014253
E0135-Ba,SUS. ARM SPACER X7,DISTANZCLIPS (22) MBX-7,4.9626000000000001,EUR,4944925043574
E0136,TENSION ROD,VERSTEIFUNGSSTREBEN-KARR.BEFEST. MBX-5T,9.4388000000000005,EUR,4944925014277
E0137,FRONT UPPER ARM PLATE,BEFESTIGUNGSPLATTE VA OBEN MBX-5T,5.4916,EUR,4944925014284
E0138,CENTER DIFF. MOUNT PLATE,BEFESTIGUNGSPLATTE MITTE DIFF MBX-5T,4.9332000000000003,EUR,4944925014291
E0139,AL. FRONT TENSION ROD,VERSTEIFUNGSSTREBE ALU. VA  MBX-5T PRO,30.3429,EUR,4944925014307
E0141,"FRONT LOWER ARM SUPPORT (4MM, -1) MBX-5R","FÜHRUNG FÜR QUERLENKER VA UNTEN (4MM, -1) MBX-5R",24.293099999999999,EUR,4944925015151
E0142-1,ALUMI. KING PIN BALL (2),KUGELBOLZEN 13.9MM ALUMINIUM (2),13.113899999999999,EUR,4944925019357
E0142,ALUMI. KING PIN BALL,KUGELBOLZEN 13.9MM ALUMINIUM (4),28.324300000000001,EUR,4944925016554
E0145,REAR TENSION ROD,VERSTEIFUNGSSTREBE HA MBX-6,25.3916,EUR,4944925018008
E0146,GEAR BOX,GETRIEBEBOX MBX-6/6T,10.661799999999999,EUR,4944925018015
E0147,LOWER ARM MOUNT,FÜHRUNG FÜR QUERLENKER VA/HA UNTEN MBX-6/6T,10.655099999999999,EUR,4944925018022
E0149,FRONT LOWER ARM,QUERLENKER VA UNTEN MBX-6,8.5611999999999995,EUR,4944925018046
E0150,REAR LOWER ARM,QUERLENKER HA UNTEN,9.5257000000000005,EUR,4944925018053
E0152,REAR UPRIGHT,ACHSSCHENKEL HA MBX-6/6T,6.1090999999999998,EUR,4944925018077
E0153,FRONT TENSION ROD,VERSTEIFUNGSSTREBE VA MBX-6/6T,7.5412999999999997,EUR,4944925018084
E0154,BUSH SET (E0111),FÜHRUNGSHÜLSEN MBX-6/6T (E0111),4.4847000000000001,EUR,4944925018091
E0155,ANTI-ROLL BAR LINK (4),KUGELPFANNENVERBINDUNG FÜR STABI MBX-6/6T,4.4762000000000004,EUR,4944925018107
E0156,FRONT UPPER PLATE,BEFESTIGUNGSPLATTE VA OBEN MBX-6/6T,12.726100000000001,EUR,4944925018114
E0157,CENTER DIFF. MOUNT PLATE,BEFESTIGUNGSPLATTE MITTE DIFF MBX-6/6T,12.4216,EUR,4944925018121
E0158,FRONT UPRIGHT ARM,ANLENKUNGSHEBEL FÜR E0151 MBX-6,10.9322,EUR,4944925018138
E0159,ADJUST NUT,EINSTELLMUTTERN FÜR KUGELBOLZEN MBX-6/6T (4),9.0283999999999995,EUR,4944925018145
E0160a,FRONT LOWER KINGPIN BALL,KUGELBOLZEN VA UNTEN MBX (2),14.108599999999999,EUR,4944925043581
E0161a,FRONT TRACK WIDTH ADJUST SPACER,EINSTELLSCHEIBEN FÜR SPURBREITE  (4),3.5030999999999999,EUR,4944925043598
E0162a,FRONT UPPER ARM SHAFT,DREHACHSEN QUERLENKER VA OBEN MBX,3.6806000000000001,EUR,4944925043604
E0163,FRONT ANTI-ROLL BAR F2.2MM,STABILISATOR VA 2.2MM,6.9654999999999996,EUR,4944925018183
E0164,FRONT ANTI-ROLL BAR F2.3MM,STABILISATOR VA 2.3MM,6.9654999999999996,EUR,4944925018190
E0165,FRONT ANTI-ROLL BAR F2.4MM,STABILISATOR VA 2.4MM,6.9654999999999996,EUR,4944925018206
E0166,FRONT ANTI-ROLL BAR F2.5MM,STABILISATOR VA 2.5MM,6.9654999999999996,EUR,4944925018213
E0167,FRONT ANTI-ROLL BAR F2.6MM,STABILISATOR VA 2.6MM,6.9654999999999996,EUR,4944925018220
E0168,REAR ANTI-ROLL BAR F2.7MM,STABILISATOR HA 2.7MM,7.0484999999999998,EUR,4944925018237
E0169,REAR ANTI-ROLL BAR F2.8MM,STABILISATOR HA 2.8MM,7.0484999999999998,EUR,4944925018244
E0170,REAR ANTI-ROLL BAR F2.9MM,STABILISATOR HA 2.9MM,7.09,EUR,4944925018251
E0171,REAR ANTI-ROLL BAR F3.0MM,STABILISATOR HA 3.0MM,7.1315,EUR,4944925018268
E0173,AL. REAR UPRIGHT SET,ACHSSCHENKEL HA ALUMINIUM (RE/LI) MBX-6/6T,72.193799999999996,EUR,4944925018282
E0173L,AL. REAR UPRIGHT L,ACHSSCHENKEL HA LINKS ALUMINIUM MBX-6/6T,38.914400000000001,EUR,4944925018299
E0173R,AL. REAR UPRIGHT R,ACHSSCHENKEL HA RECHTS ALUMINIUM MBX-6/6T,37.658099999999997,EUR,4944925018305
E0174,WASHER SET,DISTANZSCHEIBEN-SET MBX-6/6T,7.0399000000000003,EUR,4944925019296
E0175,FRONT ANTI-ROLL BAR F2.1MM,STABILISATOR VA 2.1MM,6.9654999999999996,EUR,4944925019425
E0176,REAR ANTI-ROLL BAR F2.6MM,STABILISATOR HA 2.6MM,7.0484999999999998,EUR,4944925019470
E0177,ALUM. FRONT UPPER ARM MOUNT,QUERLENKERHALTER VA OBEN ALU. MBX6/6T,30.0807,EUR,4944925019623
E0179,REAR LOWER ARM MBX6T,QUERLENKER HA UNTEN MBX-6T TRUGGY,11.8566,EUR,4944925019760
E0180,FRONT UPPER ARM MBX,QUERLENKER VA OBEN MBX TRUGGY,8.1990999999999996,EUR,4944925019777
E0181,REAR TENSION ROD MBX6T,VERSTEIFUNGSSTREBE HA MBX6T TRUGGY,7.9180000000000001,EUR,4944925019784
E0182,FRONT UPRIGHT ARM  (-4) MBX6T,ANLENKUNGSHEBEL FÜR E0151 (-4°) MBX-6T TRUGGY,10.052199999999999,EUR,4944925019791
E0183,REBOUND STOP ADJ. SCREW MBX6T (5),SCHRAUBE AUSFEDERBEGR. MBX-6T TRUGGY,4.4420999999999999,EUR,4944925019807
E0185,AL. REAR LOWER ARM MOUNT,AL. FÜHRUNG FÜR QUERLENKER HA UNTEN,32.746200000000002,EUR,4944925021558
E0186,REAR LOWER ARM MOUNT BUSH,FÜHRUNGSEINSÄTZE AUS E0185,4.0385,EUR,4944925021565
E0201,CENTER DRIVE SHAFT S,ANTRIEBSWELLE MITTE KURZ EU SPEC,15.7722,EUR,4944925006845
E0202,CENTER DRIVE SHAFT L,ANTRIEBSWELLE MITTE LANG,16.990600000000001,EUR,4944925006852
E0203,CENTER UNIVERSAL JOINT S,ANTRIEBSWELLE MITTE MIT KARDANGELENK KURZ,24.369399999999999,EUR,4944925006869
E0204,CENTER UNIVERSAL JOINT L,ANTRIEBSWELLE MITTE MIT KARDANGELENK LANG,25.96,EUR,4944925006876
E0205,WHEEL HUB,FELGENAUFNAHMEN,9.3668999999999993,EUR,4944925006883
E0206,DIFF. WASHER SET,DIFF EINMEßSCHEIBEN,5.5084,EUR,4944925006890
E0207,F/R DRIVE SHAFT THORSEN,ANTRIEBSWELLEN VA FÜR THORSEN DIFF.,29.784500000000001,EUR,4944925008498
E0208,WIDE OFF-SET WHEEL HUB 1MM (2PCS.),"FELGENAUFNAHMEN, 1MM BREITER",6.2443999999999997,EUR,4944925011146
E0210,ROLLER PIN (B3X16.8) FOR WHEEL HUB,STIFT 3 X 16.8 FÜR FELGENAUFNAHMEN MBX-5,3.5834000000000001,EUR,4944925011160
E0211,F/R DRIVE SHAFT,ANTRIEBSWELLEN AUS E0216 MBX-5T,31.1722,EUR,4944925014321
E0212,CENTER DRIVE SHAFT 132,ANTRIEBSWELLE MITTE 132 MBX-5T,15.298400000000001,EUR,4944925014338
E0213,WHEEL HUB,FELGENAUFNAHMEN MBX-5T,12.946199999999999,EUR,4944925014345
E0214,CONICAL GEAR 46T,DIFFERENTIAL-TELLERRAD STAHL 46Z. MBX-5T,32.130299999999998,EUR,4944925014352
E0215,BEVEL GEAR 10T,DIFF KEGELRAD 10Z. MBX-5T,8.3771000000000004,EUR,4944925014369
E0216,F/R UNIVERSAL JOINT SET,ANTRIEBSWELLEN MIT KARDANGELENK VA/HA MBX-5T,49.347799999999999,EUR,4944925014376
E0217,CENTER UNIVERSAL JOINT (132) SET,ANTRIEBSWELLE MITTE MIT KARDANGELENK 132 MBX-5T,19.596699999999998,EUR,4944925014383
E0218,SPUR GEAR 48T,HAUPTZAHNRAD STAHL 48Z. MBX-5T,27.066700000000001,EUR,4944925015700
E0219a,SELF LOCK WHEEL NUT (4),"RADMUTTERN, SELBSTSICHERND MBX (4)",12.1844,EUR,4944925043611
E0220,F/ R UNIVERSAL JOINT SET,ANTRIEBSWELLEN MIT KARDANGELENK VA/HA MBX-6,39.4617,EUR,4944925018312
E0221,F/ R AXLE SHAFT,RADACHSE MIT GELENKKAPPE AUS E020 MBX-6/6T,16.584499999999998,EUR,4944925018329
E0222,F/ R DRIVE SHAFT,ANTRIEBSWELLEN AUS E0220 MBX-6,23.6922,EUR,4944925018336
E0223,CENTER UNIVERSAL JOINT (78.5) SET,ANTRIEBSWELLE MITTE MIT KARDANGELENK KURZ MBX-6,20.3078,EUR,4944925018343
E0224,CENTER UNIVERSAL JOINT (103) SET,ANTRIEBSWELLE MITTE MIT KARDANGELENK LANG MBX-6,20.646100000000001,EUR,4944925018350
E0225,JOINT CUP,GELENKKAPPE MITTE MBX-6/6T,8.4616000000000007,EUR,4944925018367
E0226,CENTER DRIVE SHAFT (78.5),ANTRIEBSWELLE MITTE AUS E0223 KURZ MBX-6,13.538399999999999,EUR,4944925018374
E0227,CENTER DRIVE SHAFT (103),ANTRIEBSWELLE MITTE AUS E0224 LANG MBX-6,17.566099999999999,EUR,4944925018381
E0228,F/ R CUP JOINT,DIFF KLAUE VA/HA MBX-6/6T,9.4093999999999998,EUR,4944925018398
E0229,CENTER CUP JOINT,DIFF KLAUE MITTE MBX-6/6T,9.8833000000000002,EUR,4944925018404
E0230,DIFF. GEAR 18T,DIFF ZAHNRÄDER 18 ZÄHNE MBX-6/6T (2),5.0263,EUR,4944925018411
E0231,CONICAL GEAR 44T,DIFFERENTIAL-TELLERRAD 44Z. MBX-6,34.773499999999999,EUR,4944925018428
E0232,BEVEL GEAR,DIFF KEGELRAD MBX-6,9.0097000000000005,EUR,4944925018435
E0233,SPUR GEAR 44T,HAUPTZAHNRAD STAHL 44Z. MBX-6/6T,35.071599999999997,EUR,4944925018442
E0234,SPUR GEAR 46T,HAUPTZAHNRAD STAHL 46Z. MBX-6/6T,37.379800000000003,EUR,4944925018459
E0235,SPUR GEAR 48T,HAUPTZAHNRAD STAHL 48Z. MBX-6/6T,36.449100000000001,EUR,4944925018466
E0236,JOINT BOOTS,STAUBSCHUTZ FÜR KARDANGELENK MBX-6/6T (2),3.2576999999999998,EUR,4944925018473
E0237,JOINT PIN (F2.2X9.8),STIFT 2.2 X 9.8 MBX-6/6T (10),4.2816000000000001,EUR,4944925018480
E0238,JOINT PIN (F2.5X14.8),STIFT 2.5 X 14.8 AUS E0221 MBX-6/6T (10),3.5834000000000001,EUR,4944925018497
E0239a,WHEEL HUB,FELGENAUFNAHMEN MBX,7.1962999999999999,EUR,4944925043628
E0240a,WIDE OFFSET WHEEL HUB 1MM,"FELGENAUFNAHMEN, 1MM BREITER MBX",7.3868999999999998,EUR,4944925043635
E0241a,WIDE OFFSET WHEEL HUB 2MM,"FELGENAUFNAHMEN, 2MM BREITER MBX",7.5392999999999999,EUR,4944925043642
E0242,ALUMI. F/ R AXLE SHAFT MBX-6,RADACHSE ALUMINIUM MBX-6/6T,13.2,EUR,4944925016653
E0243,ALUMI. JOINT CUP MBX-6,GELENKKAPPE ALUMINIUM MBX-6/6T,10.187799999999999,EUR,4944925019463
E0244,CONICAL GEAR 42T MBX-6,DIFFERENTIAL-TELLERRAD 42Z. MBX-6,38.049700000000001,EUR,4944925019654
E0245,BEVEL GEAR 12T,DIFF KEGELRAD 12Z. MBX-6,8.8983000000000008,EUR,4944925019630
E0246,CENTER UNIVERSAL JOINT SET (142) MBX6T,ANTRIEBSWELLE MITTE MIT KARDANGELENK 142 MBX-6T,22.6767,EUR,4944925019814
E0247,CENTER DRIVE SHAFT (142) MBX6T,ANTRIEBSWELLE MITTE AUS E0246 LANG MBX-6T TRUGGY,17.769400000000001,EUR,4944925019821
E0248,CONICAL GEAR 46T MBX-6T,DIFFERENTIAL-TELLERRAD 46Z. MBX-6T TRUGGY,33.396000000000001,EUR,4944925019838
E0249,BEVEL GEAR 10T MBX6T,DIFF KEGELRAD 10Z. MBX-6T TRUGGY,10.2758,EUR,4944925019845
E0250,F/ R UNIVERSAL JOINT SET (132) MBX6T,ANTR.WELLEN MIT KARDANGELENK VA/HA (132) MBX-6T,45.015500000000003,EUR,4944925019852
E0251,F/ R DRIVE SHAFT (132) MBX6T,ANTRIEBSWELLEN AUS E0250 MBX-6T TRUGGY,26.806100000000001,EUR,4944925019869
E0252,WHEEL HUB (14) MBX6T,FELGENAUFNAHMEN  MBX-6T TRUGGY,13.1363,EUR,4944925019876
E0253,CENTER UNIVERSAL JOINT SET (97) MBX6T,ANTRIEBSWELLE MITTE MIT KARDANGELENK 97 MBX-6T,22.372199999999999,EUR,4944925020100
E0254,CENTER DRIVE SHAFT (110),ANTRIEBSWELLE MITTE LANG MBX-6 ECO,13.8767,EUR,4944925022944
E0255,PLASTIC SPUR GEAR 44T,HAUPTZAHNRAD KUNSTSTOFF 44Z. MBX-6 ECO,6.4782999999999999,EUR,4944925022975
E0256,PLASTIC SPUR GEAR 46T,HAUPTZAHNRAD KUNSTSTOFF 46Z. MBX-6 ECO,6.4782999999999999,EUR,4944925022982
E0257,S5 O-RINGS (SILICON),S5 O-RINGE (SILIKON),3.5695000000000001,EUR,4944925022715
E0258,CENTER DRIVE SHAFT (115) LONG FOR E0417,ANTRIEBSWELLE MITTE LANG MBX-6T FÜR E0417,19.427800000000001,EUR,4944925023521
E0259,CENTER UNIVERSAL JOINT (110) SET,ANTRIEBSWELLE MITTE MIT KARDANGELENK LANG MBX-7,12.32,EUR,4944925026911
E0301,RADIO PLATE,RADIOPLATTE MBX-5,17.904499999999999,EUR,4944925006906
E0302-B,RADIO PLATE MOUNT MBX-5R,RADIOPLATTENHALTER MBX-5R,5.8385999999999996,EUR,4944925015168
E0302,RADIO PLATE MOUNT,RADIOPLATTENHALTER,5.8385999999999996,EUR,4944925006913
E0303,RADIO BOX,EMPFÄNGERBOX,10.619400000000001,EUR,4944925006920
E0304,SERVO SAVOR ARM,SERVO SAVER KUNSTSTOFFTEILE,4.7678000000000003,EUR,4944925006937
E0305,SERVO SAVOR PLATE,SERVO SAVER PLATTE,4.4611000000000001,EUR,4944925006944
E0306,BRAKE CAM,BREMSEXENTER,5.4450000000000003,EUR,4944925006951
E0307,GROMMET,FÜHRUNGSHÜLSE,1.6929000000000001,EUR,4944925007705
E0308,ALUMI. REAR TENSION MOUNT,BEFEST. ALUMINIUM F. VESTEIF.STREBE,26.808399999999999,EUR,4944925007736
E0309,AL. RADIO PLATE POST,RADIOPLATTENHALTER ALU,3.738,EUR,4944925007996
E0312,SERVO SAVER ARM,SERVO SAVER KUNSTSTOFFTEILE MBX-5T,5.4489999999999998,EUR,4944925014390
E0313,RADIO PLATE,RADIOPLATTE MBX-5T,6.4711999999999996,EUR,4944925014406
E0315,SERVO SAVER SPRING,SERVO SAVER FEDER MBX-6T,2.0613999999999999,EUR,4944925014420
E0316,"SERVO SAVOR PLATE (5MM, -1.5) MBX-5R","SERVO SAVER PLATTE (5MM, -1.5) MBX-5R",30.827500000000001,EUR,4944925015175
E0317,SERVO SAVER PIPE HARD ANODIZED,SERVO SAVER FED.AUFNAHME GEHÄRTET MBX-5T,5.7051999999999996,EUR,4944925015472
E0318,SERVO SAVER PLATE,SERVO SAVER PLATTE MBX-6/6T,20.096399999999999,EUR,4944925018503
E0319,BRAKE PAD,BREMSBELÄGE (4) MBX-6/6T,25.485800000000001,EUR,4944925018510
E0320,SERVO SAVER ARM,SERVO SAVER KUNSTSTOFFTEILE MBX-6/6T,5.7412000000000001,EUR,4944925018527
E0321-B,RADIO BOX MBX6T,EMPFÄNGERBOX MBX-6T TRUGGY,12.212300000000001,EUR,4944925019883
E0321,RADIO BOX MBX-6 BUGGY,EMPFÄNGERBOX  MBX-6 BUGGY,10.9473,EUR,4944925018534
E0322,RADIO BOX GROMMET,FÜHRUNGSHÜLSE FÜR EMPFÄNGERBOX MBX-6/6T,2.2336999999999998,EUR,4944925018541
E0323,RADIO PLATE,RADIOPLATTE MBX-6/6T,23.8278,EUR,4944925018558
E0325,BRAKE CAM,BREMSEXENTER MBX-6/6T,6.0362999999999998,EUR,4944925018565
E0326,SERVO SAVER PIPE,SERVO SAVER FEDERAUFNAHME  MBX-6/6T,7.3150000000000004,EUR,4944925018572
E0327,ALUMI. SERVO SAVER SHAFT MBX6/6T,SERVO-SAVER DREHACHSEN ALU. MBX-6/6T,10.5305,EUR,4944925020117
E0329,RADIO PLATE MBX-6R,RADIOPLATTE MBX-6R,35.606099999999998,EUR,4944925025082
E0330,BATTERY HOLDER MBX6R,BATTERIE HALTER MBX-6R,16.956700000000001,EUR,4944925025105
E0331,BATTERY HOLDER POST MBX6R,BATTERIE HALTER PFOSTEN MBX-6R,6.3906999999999998,EUR,4944925025099
E0401-B,CHASSIS MBX-5R,CHASSIS MBX-5R,60.055900000000001,EUR,4944925015199
E0401,CHASSIS,CHASSIS MBX-5,42.497999999999998,EUR,4944925006968
E0402,FRONT BUMPER,RAMMSCHUTZ VA,5.7899000000000003,EUR,4944925006975
E0403-B,STONE GUARD MBX-5R,STEINSCHLAGSCHUTZ MBX-5R,10.8499,EUR,4944925015182
E0403,STONE GUARD,STEINSCHLAGSCHUTZ,9.9252000000000002,EUR,4944925006982
E0404,WING MOUNT MBX-5R,SPOILER/KAROSSERIE-BEFESTIGUNG,8.4172999999999991,EUR,4944925006999
E0405,WING STAY BRACE,VERSTEIFUNGSSTREBE F. E0404,5.8806000000000003,EUR,4944925007002
E0406,STONE GUARD,STEINSCHLAGSCHUTZ MBX-5T,11.5311,EUR,4944925014451
E0407,WING STAY,SPOILER-BEFESTIGUNG MBX-5T,8.6601999999999997,EUR,4944925014468
E0408,CHASSIS,CHASSIS MBX-5T,52.25,EUR,4944925014475
E0409,CHASSIS,CHASSIS MBX-6,58.702100000000002,EUR,4944925018589
E0410,FRONT BUMPER,RAMMSCHUTZ VA MBX,4.9077000000000002,EUR,4944925018596
E0411,WING STAY,SPOILER-BEFESTIGUNG MBX-6/6T,8.4659999999999993,EUR,4944925018602
E0412,STONE GUARD,STEINSCHLAGSCHUTZ MBX-6,9.5848999999999993,EUR,4944925018619
E0413,CHASSIS MBX6T,CHASSIS MBX-6T TRUGGY,62.763500000000001,EUR,4944925019890
E0414,STONE GUARD MBX6T,STEINSCHLAGSCHUTZ MBX-6T TRUGGY,11.3363,EUR,4944925019906
E0415,CHASSIS MBX-6 ECO,CHASSIS MBX-6 ECO,68.602099999999993,EUR,4944925023002
E0416,CHASSIS MBX-6 LONG,CHASSIS MBX-6 LONG,73.446200000000005,EUR,4944925023101
E0417,CHASSIS MBX6T LONG,CHASSIS MBX-6T TRUGGY LONG,79.094099999999997,EUR,4944925023538
E0418,CHASSIS MBX6T ECO LONG,CHASSIS MBX-6T TRUGGY ECO LONG,68.5809,EUR,4944925025075
E0419EU,CHASSIS MBX-6 EU SPEC,CHASSIS MBX-6 EU SPEC,69.046199999999999,EUR,4944925025501
E0501,FRONT DAMPER STAY,DÄMPFER BEFESTIGUNGSPLATTE VA,8.4954999999999998,EUR,4944925007019
E0502,REAR DAMPER STAY,DÄMPFER BEFESTIGUNGSPLATTE HA,10.7294,EUR,4944925007026
E0507,FRONT SPRING (SHORT 13T) HARD WHITE,"DÄMPFER FEDERN VA 13T HART, WEISS",8.9905000000000008,EUR,4944925011481
E0510,REAR SPRING (SHORT 16T) HARD WHITE,"DÄMPFER FEDERN HA 16T HART, WEISS",8.9905000000000008,EUR,4944925011511
E0512,REAR DAMPER STAY,DÄMPFER BEFESTIGUNGSPLATTE HA MBX-5T,10.8306,EUR,4944925014499
E0513,FRONT DAMPER SET,STOßDÄMPFER VA MBX-5T,48.738300000000002,EUR,4944925014505
E0514,REAR DAMPER SET,STOßDÄMPFER HA MBX-5T,50.134700000000002,EUR,4944925014512
E0515,FRONT DAMPER CASE,DÄMPFER GEHÄUSE VA MBX-5T,15.345000000000001,EUR,4944925014529
E0516,REAR DAMPER CASE,DÄMPFER GEHÄUSE HA MBX-5T,16.715699999999998,EUR,4944925014536
E0517,FRONT DAMPER SHAFT,DÄMPFER KOLBENSTANGE VA MBX-6/6T,7.2093999999999996,EUR,4944925014543
E0518,REAR DAMPER SHAFT,DÄMPFER KOLBENSTANGE HA MBX-6/6T,7.5477999999999996,EUR,4944925014550
E0519,OIL SEAL CAP,DÄMPFER STAUBSCHUTZKAPPE MBX-6/6T,5.5423999999999998,EUR,4944925014567
E0520,OIL SEAL SET,DÄMPFER DICHTUNGS SET MBX-6/6T,7.7847,EUR,4944925014574
E0521,DUST RUBBER,DÄMPFER STAUBSCHUTZMANSCHETTE (4) MBX-5T,7.8270999999999997,EUR,4944925014581
E0522,FRONT DAMPER STAY 5MM,DÄMPFER BEFESTIGUNGSPLATTE VA MBX-5T PRO.,32.289400000000001,EUR,4944925014598
E0523,REAR DAMPER STAY 5MM,DÄMPFER BEFESTIGUNGSPLATTE HA MBX-5T PRO.,35.978400000000001,EUR,4944925014604
E0524,FRONT SPRING RED,DÄMPFER FEDERN VA MBX-5T,11.5075,EUR,4944925014437
E0525,REAR SPRING RED,DÄMPFER FEDERN HA MBX-5T,11.8675,EUR,4944925014444
E0526,FRONT DAMPER STAY 5MM MBX-5R,DÄMPFER BEFESTIGUNGSPLATTE VA MBX-5R,45.489400000000003,EUR,4944925015205
E0527,REAR DAMPER STAY 5MM MBX-5R,DÄMPFER BEFESTIGUNGSPLATTE HA MBX-5R,40.446100000000001,EUR,4944925015212
E0528,FRONT SPRING (SHORT 14.5T) SOFT LIGHT BLUE,"DÄMPFER FEDERN VA 14.5T SOFT, HELLBLAU 5R",9.4580000000000002,EUR,4944925015601
E0529,FRONT SPRING (SHORT 14T) MEDIUM GREY,"DÄMPFER FEDERN VA 14T MEDIUM, GRAU 5R",9.8175000000000008,EUR,4944925015618
E0530,FRONT SPRING (SHORT 13.5T) HARD WHITE,"DÄMPFER FEDERN VA 13.5T HART, WEISS 5R",9.8175000000000008,EUR,4944925015625
E0531,REAR SPRING (SHORT 17.5T) SOFT LIGHT BLUE,"DÄMPFER FEDERN HA 17.5T SOFT, HELLBLAU 5R",9.8175000000000008,EUR,4944925015632
E0532,REAR SPRING (SHORT 17T) MEDIUM GREY,"DÄMPFER FEDERN HA 17T MEDIUM, GRAU 5R",9.8175000000000008,EUR,4944925015649
E0533,REAR SPRING (SHORT 16.5T) HARD WHITE,"DÄMPFER FEDERN HA 16.5T HART, WEISS",8.0195000000000007,EUR,4944925015656
E0534,FRONT DAMPER STAY,DÄMPFER BEFESTIGUNGSPLATTE VA MBX-6,30.766100000000002,EUR,4944925018626
E0535,REAR DAMPER STAY,DÄMPFER BEFESTIGUNGSPLATTE HA MBX-6,37.6706,EUR,4944925018633
E0536,FRONT DAMPER SET,STOßDÄMPFER VA MBX-6/6T,68.369399999999999,EUR,4944925018640
E0537,REAR DAMPER SET,STOßDÄMPFER HA MBX-6/6T,71.204099999999997,EUR,4944925018657
E0538,FRONT DAMPER CASE,DÄMPFER GEHÄUSE VA MBX-6/6T,25.435600000000001,EUR,4944925018664
E0539,REAR DAMPER CASE,DÄMPFER GEHÄUSE HA MBX-6/6T,27.9863,EUR,4944925018671
E0540,DAMPER CAP,DÄMPFER VERSCHLUßKAPPEN MBX-6/6T,13.4793,EUR,4944925018688
E0541,DIAPHRAGM,DÄMPFER MEMBRANE MBX-6/6T (4),5.9101999999999997,EUR,4944925018695
E0542,DAMPER SPRING ADJUSTER,DÄMPFER EINSTELLMUTTERN MBX-6/6T,11.494999999999999,EUR,4944925018701
E0543,DAMPER PISTON (F1.35 5H),DÄMPFER KOLBEN 5-LOCH 1.35MM MBX-6/6T (2),9.1066000000000003,EUR,4944925018718
E0544,DAMPER PISTON (F1.25 6H),DÄMPFER KOLBEN 6-LOCH 1.25MM MBX-6/6T (2),7.3741000000000003,EUR,4944925018725
E0545a,DAMPER END,DÄMPFER KUNSTSTOFFTEILE  MBX,6.2828999999999997,EUR,4944925043680
E0546a,DAMPER MOUNT PIVOT BUSH,DÄMPFER FÜHRUNGSEINSÄTZE MBX(4),3.5834000000000001,EUR,4944925043697
E0548a,DAMPER MOUNT PIVOT,DÄMPFER BEFESTIGUNG MBX (4),8.0195000000000007,EUR,4944925904813
E0549,AL. FRONT DAMPER STAY,DÄMPFER BEFESTIGUNGSPLATTE VA ALU.MBX-6,43.323300000000003,EUR,4944925018763
E0550,AL. REAR DAMPER STAY,DÄMPFER BEFESTIGUNGSPLATTE HA ALU.MBX-6,62.073900000000002,EUR,4944925018770
E0551,FRONT DAMPER SPRING F1.6 9.5T,DÄMPFER FEDERN VA 1.6MM / 9.5T MBX-6/6T,6.7965,EUR,4944925018787
E0552,FRONT DAMPER SPRING F1.6 9.25T,DÄMPFER FEDERN VA 1.6MM / 9.25T MBX-6/6T,6.7965,EUR,4944925018794
E0553,FRONT DAMPER SPRING F1.6 9.0T,DÄMPFER FEDERN VA 1.6MM / 9.0T MBX-6/6T,6.7965,EUR,4944925018800
E0554,REAR DAMPER SPRING F1.6 10.5T,DÄMPFER FEDERN HA 1.6MM / 10.5T MBX-6/6T,9.6014999999999997,EUR,4944925018817
E0555,REAR DAMPER SPRING F1.6 10.25T,DÄMPFER FEDERN HA 1.6MM / 10.25T MBX-6/6T,9.6014999999999997,EUR,4944925018824
E0556,REAR DAMPER SPRING F1.6 10.0T,DÄMPFER FEDERN HA 1.6MM / 10.0T MBX-6/6T,9.6014999999999997,EUR,4944925018831
E0557,DAMPER BOOTS,DÄMPFER STAUBSCHUTZMANSCHETTE MBX-6/6T (4),6.5576999999999996,EUR,4944925018848
E0558,FRONT DAMPER SPRING F1.6 10.25T,DÄMPFER FEDERN VA 1.6MM / 10.25T MBX-6/6T,9.6014999999999997,EUR,4944925019487
E0559,FRONT DAMPER SPRING F1.6 10.0T,DÄMPFER FEDERN VA 1.6MM / 10.0T MBX-6/6T,9.6014999999999997,EUR,4944925019494
E0560,"FRONT DAMPER SPRING F1.6 9,75T",DÄMPFER FEDERN VA 1.6MM / 9.75T MBX-6/6T,9.6014999999999997,EUR,4944925019500
E0561,REAR DAMPER SPRING F1.6 11.25T,DÄMPFER FEDERN HA 1.6MM / 11.25T MBX-6/6T,9.6014999999999997,EUR,4944925019517
E0562,REAR DAMPER SPRING F1.6 11.0T,DÄMPFER FEDERN HA 1.6MM / 11.0T MBX-6/6T,9.6014999999999997,EUR,4944925019524
E0563,REAR DAMPER SPRING F1.6 10.75T,DÄMPFER FEDERN HA 1.6MM / 10.75T MBX-6/6T,9.6014999999999997,EUR,4944925019531
E0564,FRONT DAMPER STAY MBX6T,DÄMPFER BEFESTIGUNGSPLATTE VA MBX-6T TRUGGY,41.055500000000002,EUR,4944925019913
E0565,REAR DAMPER STAY MBX6T,DÄMPFER BEFESTIGUNGSPLATTE HA MBX-6T TRUGGY,47.723300000000002,EUR,4944925019920
E0566,ALUMI. FRONT DAMPER STAY MBX6T,DÄMPFER BEFEST.SPLATTE VA ALU. MBX-6T TRUGGY,51.784500000000001,EUR,4944925020179
E0567,ALUMI. REAR DAMPER STAY MBX6T,DÄMPFER BEFEST.SPLATTE HA ALU. MBX-6T TRUGGY,54.1539,EUR,4944925020186
E0568,REAR DAMPER SPRING F1.6 9.75T,DÄMPFER FEDERN HA 1.6MM / 9.75T MBX-6/6T,9.6014999999999997,EUR,4944925020377
E0569,REAR DAMPER SPRING F1.6 9.5T,DÄMPFER FEDERN HA 1.6MM / 9.5T MBX-6/6T,9.6014999999999997,EUR,4944925020384
E0570,S18 O-RING (10PCS.) FOR E0542,DÄMPFER O-RING (S18) FÜR E0542,5.3517999999999999,EUR,4944925021176
E0571,"FRONT DAMPER SPRING F1.5 75/8,25T","DÄMPFER FEDERN VA 1.5MM 75/8,25T MBX-6/6T",10.177,EUR,4944925023118
E0572,"FRONT DAMPER SPRING F1.5 75/8,0T","DÄMPFER FEDERN VA 1.5MM 75/8,0T MBX-6/6T",10.177,EUR,4944925023125
E0573,"FRONT DAMPER SPRING F1.5 75/7,75T","DÄMPFER FEDERN VA 1.5MM 75/7,75T MBX-6/6T",10.177,EUR,4944925023132
E0574,"FRONT DAMPER SPRING F1.5 75/7,5T","DÄMPFER FEDERN VA 1.5MM 75/7,5T MBX-6/6T",10.177,EUR,4944925023149
E0575,"REAR DAMPER SPRING F1.5 86/8,5T","DÄMPFER FEDERN HA 1.5MM 86/8,5T MBX-6/6T",10.177,EUR,4944925023156
E0576,"REAR DAMPER SPRING F1.5 86/8,25T","DÄMPFER FEDERN HA 1.5MM 86/8,25T MBX-6/6T",10.177,EUR,4944925023163
E0577,"REAR DAMPER SPRING F1.5 86/8,0T","DÄMPFER FEDERN HA 1.5MM 86/8,0T MBX-6/6T",10.177,EUR,4944925023170
E0578,"REAR DAMPER SPRING F1.5 86/7,75T","DÄMPFER FEDERN HA 1.5MM 86/7,75T MBX-6/6T",10.177,EUR,4944925023187
E0580,DAMPER PISTON (F1.35 5H),DÄMPFER KOLBEN 5-LOCH 1.35MM MBX-6/6T (2),12.5716,EUR,4944925025396
E0581,"FRONT DAMPER SPRING F1.5 8,5T","DÄMPFER FEDERN VA 1.5MM / 8,5T MBX-6/6T",10.177,EUR,4944925025402
E0582,"REAR DAMPER SPRING F1.5 8,75T","DÄMPFER FEDERN HA 1.5MM / 8,75T MBX-6/6T",10.177,EUR,4944925025419
E0583EU,CARBON REAR DAMPER STAY EU SPEC,DÄMPFER BEFESTIGUNGSPLATTE EU SPEC HA MBX-6,18.615300000000001,EUR,4944925025518
E0601-1a,KUGELLAGER SET (15X21X4) MBX-6/6T (10),KUGELLAGER SET (15X21X4) MBX-6/6T (10),35.361400000000003,EUR,4944925038204
E0601/1b,KUGELLAGER SET (15X21X4) MBX-6/6T (10),KUGELLAGER SET (15X21X4) MBX-6/6T (10),35.361400000000003,EUR
E0601a,KUGELLAGER (15X21X4) MBX-6/6T,KUGELLAGER (15X21X4) MBX-6/6T,9.8236000000000008,EUR,4944925046599
E0602-1a,KUGELLAGER (5X10X4) MBX-6/6T (10),KUGELLAGER (5X10X4) MBX-6/6T (10),22.751000000000001,EUR,4944925046629
E0602a,KUGELLAGER (5X10X4) MBX-6/6T,KUGELLAGER (5X10X4) MBX-6/6T,6.9497999999999998,EUR,4944925046612
E0603,BEARING SET MBX6/6T (24PCS),KUGELLAGER SET FÜR MBX-6/6T (24),50.179900000000004,EUR,4944925021336
E0701a,ENGINE MOUNT,MOTORBÖCKE,28.5322,EUR,4944925043727
E0702,FLY WHEEL,SCHWUNGSCHEIBE,11.0975,EUR,4944925007040
E0704,ALUMI. CLUTCH SHOE (3) LIGHT WEIGHT,KUPPLUNGS BELÄGE ALUM. (3) LEICHT,20.559000000000001,EUR,4944925015687
E0705,FLYWHEEL WASHER (OW7X14 - 4 PCS.),DISTANZSCHEIBEN-SET FÜR SCHWUNGSCHEIBE (4),2.0899000000000001,EUR,4944925017186
E0706,ENGINE MOUNT,MOTORBÖCKE MBX-6/6T,22,EUR,4944925018886
E0708,CLUTCH BELL 14T,KUPPLUNGSGLOCKE 14 Z. MBX-6/6T,12.227,EUR,4944925018909
E0709,CLUTCH BELL 15T,KUPPLUNGSGLOCKE 15 Z. MBX-6/6T,11.22,EUR,4944925018916
E0710,ALUMI. CLUTCH SHOE HARD (3),KUPPLUNGS BELÄGE ALUM. (3) HART,23.252199999999998,EUR,4944925021244
E0711,PINION GEAR 12T,MOTOR RITZEL 12 Z. MBX-6 ECO,7.9302999999999999,EUR,4944925023019
E0712,PINION GEAR 13T,MOTOR RITZEL 13 Z. MBX-6 ECO,7.9302999999999999,EUR,4944925023026
E0713,PINION GEAR 14T,MOTOR RITZEL 14 Z. MBX-6 ECO,8.1161999999999992,EUR,4944925023033
E0714,PINION GEAR 15T,MOTOR RITZEL 15 Z. MBX,8.3025000000000002,EUR,4944925023040
E0715,PINION GEAR 16T,MOTOR RITZEL 16 Z. MBX,8.4515999999999991,EUR,4944925023088
E0716,PINION GEAR 17T,MOTOR RITZEL 17 Z. MBX-6 ECO,8.6746999999999996,EUR,4944925023095
E0717A,"SPRING FOR 3-PIN CLUTCH 0,95MM","KUPPLUNGS-FEDERN 0,95MM (3)",5.2964000000000002,EUR,4944925034893
E0718A,"SPRING FOR 3-PIN CLUTCH 1,05MM","KUPPLUNGS-FEDERN 1,05 MM (3)",5.2964000000000002,EUR,4944925034909
E0802,FUEL TANK MOUNT,BEFESTIGUNG FÜR E0801,7.3952,EUR,4944925007088
E0803,FUEL TANK BUSH,FÜHRUNGSHÜLSEN FÜR TANK,1.8488,EUR,4944925007095
E0804,REAR UPPER ARM LINK,KUGELPFANNEN QUERLENKER HA OBEN,3.4060000000000001,EUR,4944925007163
E0806,TURN BUCKLE TIE ROD 35MM,GEWINDESTANGEN RE/LI 35MM,4.3064999999999998,EUR,4944925007118
E0807,TITANIUM STEERING ROD,SPURSTANGEN TITAN,19.1768,EUR,4944925007743
E0808a,TITANIUM TURN BUCKLE TIE ROD 35MM,GEWINDESTANGE RE/LI 35MM TIT,11.299799999999999,EUR,4944925037856
E0809,TITANIUM SCREW SET A MBX-5,SCHRAUBENSET TITAN OBEN MBX-5,46.733199999999997,EUR,4944925009525
E0810,TITANIUM SCREW SET B MBX-5,SCHRAUBENSET TITAN UNTEN MBX-5,24.314299999999999,EUR,4944925009532
E0811-B,REAR UPPER ARM LINK LONG,KUGELPFANNEN QUERLENKER HA OBEN LANG MBX,3.2599,EUR,4944925015243
E0812,FUEL TANK,TANK 125CCM MIT SINTERFILTER,15.388299999999999,EUR,4944925010163
E0813,REAR UPPER ARM LINK,KUGELPFANNEN QUERLENKER HA OBEN LANG MBX-6T,4.9626000000000001,EUR,4944925014611
E0814,BALL LINK 7MM,KUGELPFANNEN 7MM MBX-6/6T,2.8347000000000002,EUR,4944925014628
E0815,FUEL TANK,TANK 150CCM MBX-5T,15.743600000000001,EUR,4944925014635
E0816,STEERING ROD 78/4MM,SPURSTANGEN (78/4MM) MBX-5T,5.7874999999999996,EUR,4944925014642
E0817,PIVOT BALL 7MM 4PCS.,KUGELKOPF 7MM (4) MBX-5T,5.2731000000000003,EUR,4944925014659
E0818,TITANIUM STEERING ROD,SPURSTANGEN TITAN MBX-5T,42.075000000000003,EUR,4944925014666
E0819,TITANIUM TURN BUCKLE ROD,GEWINDESTANGE RE/LI TITAN MBX-6T,11.1563,EUR,4944925014673
E0823,TITANIUM STEERING ROD MBX5R,SPURSTANGEN TITAN MBX-5R,34.726199999999999,EUR,4944925015236
E0824,FUEL TANK,TANK 125CCM MIT SINTERFILTER MBX-6,14.321999999999999,EUR,4944925018923
E0825-B,FUEL GUARD,SPRITZSCHUTZ FÜR TANK,9.9934999999999992,EUR,4944925901348
E0825,FUEL GUARD,SPRITZSCHUTZ FÜR TANK MBX-6/6T,8.4659999999999993,EUR,4944925018930
E0827,STEERING ROD 44,SPURSTANGEN (44MM) MBX-6,6.8537999999999997,EUR,4944925018954
E0829a,ANTI-ROLL LINK BALL (4),KUGELKÖPFE STABILISATOR MBX,6.5566000000000004,EUR,4944925043741
E0830,TITANIUM STEERING ROD 44,SPURSTANGEN TITAN (44MM) MBX-6,40.171199999999999,EUR,4944925018985
E0831,TITANIUM SCREW SET A,SCHRAUBENSET TITAN OBEN MBX-6,66.634600000000006,EUR,4944925019333
E0832,TITANIUM SCREW SET B,SCHRAUBENSET TITAN UNTEN MBX-6,27.779299999999999,EUR,4944925019364
E0833,FUEL TANK MBX6T 150CC,TANK 150CCM MIT SINTERFILTER MBX-6T TRUGGY,15.4946,EUR,4944925019937
E0834,STEERING ROD 90 MBX6T,SPURSTANGEN (90MM) MBX-6T TRUGGY,8.1105999999999998,EUR,4944925019944
E0835,TITANIUM STEERING ROD 90 MBX6T,SPURSTANGEN TITAN (90MM) MBX-6T TRUGGY,39.143099999999997,EUR,4944925020124
E0836,TITANIUM SCREW SET A MBX6T,SCHRAUBENSET TITAN OBEN MBX-6T TRUGGY,60.3857,EUR,4944925020131
E0837,BATTERY STRAP,BEFESTIGUNGSBAND AKKU MBX-6 ECO,5.1574,EUR,4944925023057
E0838,STEERING ROD MBX-6TE,SPURSTANGEN MBX-6TE,8.1105999999999998,EUR,4944925025068
E0901,MUFFLER STAY,RESOROHRHALTER MIT DRAHT MBX-6,2.2450999999999999,EUR,4944925018992
E0903,MUFFLER STAY MBX6R,RESOROHRHALTER MIT DRAHT MBX-6R,5.1528,EUR,4944925025051
E1013,BODY,KAROSSERIE MBX-6,22.203299999999999,EUR,4944925019050
E1017,BODY MBX6T,KAROSSERIE MBX-6T TRUGGY,31.409400000000002,EUR,4944925019968
E1022-10,WING & MUD GUARD SKIN MBX6 (CARBON/BLACK),SCHLAMMSCHUTZ/HECKFLÜGEL DEKOR (CARBON/SCHWARZ),8.9,EUR,4944925020971
E1022-12,WING & MUD GUARD SKIN MBX6 (BLUE/NAVY),SCHLAMMSCHUTZ/HECKFLÜGEL DEKOR (BLAU/NAVY),8.9,EUR,4944925020995
E1022-14,WING & MUD GUARD SKIN MBX6 (BLUE/GREEN),SCHLAMMSCHUTZ/HECKFLÜGEL DEKOR (BLAU/GRÜN),8.9,EUR,4944925021015
E1022-15,WING & MUD GUARD SKIN MBX6 (PINK/BLACK),SCHLAMMSCHUTZ/HECKFLÜGEL DEKOR (PINK/SCHWARZ),8.9,EUR,4944925021022
E1022-16,WING & MUD GUARD SKIN MBX6 (RED/BLACK),SCHLAMMSCHUTZ/HECKFLÜGEL DEKOR (ROT/SCHWARZ),8.9,EUR,4944925021039
E1024a,WHEEL LD WHITE (4PCS.),FELGEN WEIß MBX GR. DURCHMESSER (4),8.6097000000000001,EUR,4944925043758
E1025a,WHEEL LD YELLOW (4PCS.),FELGEN GELB MBX GR. DURCHMESSER (4),8.6097000000000001,EUR,4944925043765
E1026,BODY MBX6 ECO,KAROSSERIE MBX-6 ECO,25.249400000000001,EUR,4944925022852
E1027,MBX-6 ECO INSTRUCTION MANUAL,BAUANLEITUNG MBX-6 ECO,3.1537999999999999,EUR,4944925022869
E1028,MBX-6 ECO DECAL,DEKORBOGEN MBX-6 ECO,3.08,EUR,4944925023064
E1029,MBX-6 ECO METALLIC DECAL,DEKORBOGEN METALLIC MBX-6 ECO,8.1905999999999999,EUR,4944925023071
E1034,MBX-6R DECAL,MUGEN SEIKI LOGO STICKER MBX-6R,5.4493999999999998,EUR,4944925025310
E1039,WING YELLOW X7,"SPOILER GELB, GEBOHRT MBX-7",9.1216000000000008,EUR,4944925026010
E1041,"BODY (0,8MM) X7","KAROSSERIE (0,8MM)  X7",25.249400000000001,EUR,4944925026034
E1043,MBX-7 INSTRUCTION MANUAL,BAUANLEITUNG MBX-7,3.8769999999999998,EUR,4944925026805
E1045,BODY X7R (ECO),KAROSSERIE  X7R (ECO),25.249400000000001,EUR,4944925028854
E1046,MBX-7 ECO INSTRUCTION MANUAL,BAUANLEITUNG MBX-7 ECO,3.3538000000000001,EUR,4944925028861
E1047,X7 ECO DECAL,DEKORBOGEN X7 ECO,3.5878000000000001,EUR,4944925028885
E1048,BODY X7 TRUGGY,KAROSSERIE  X7 TRUGGY,37.569400000000002,EUR,4944925029189
E1049,MBX-7 TRUGGY INSTRUCTION MANUAL,BAUANLEITUNG MBX-7 TRUGGY,5.1692,EUR,4944925029172
E1050,X7 TRUGGY DECAL,DEKORBOGEN X7 TRUGGY,5.6860999999999997,EUR,4944925029196
E1051,MBX-7 ECO TRUGGY INSTRUCTION MANUAL,BAUANLEITUNG MBX-7 ECO TRUGGY,3.9384000000000001,EUR,4944925029493
E1052,X7 ECO TRUGGY DECAL,DEKORBOGEN X7 ECO TRUGGY,5.6860999999999997,EUR,4944925029509
E1054,MBX-7R INSTRUCTION MANUAL,BAUANLEITUNG MBX-7R,3.3692000000000002,EUR,4944925030833
E1056,MBX-7R ECO INSTRUCTION MANUAL,BAUANLEITUNG MBX-7R ECO,3.0308000000000002,EUR,4944925030840
E1058,MGT7 GAS INSTRUCTION MANUAL,BAUANLEITUNG MGT7 NITRO,3.4462000000000002,EUR,4944925031502
E1059,MGT7 / ECO  DECAL,DEKORBOGEN MGT7 NITRO/ECO,4.5693999999999999,EUR,4944925031519
E1060,MGT7 ECO INSTRUCTION MANUAL,BAUANLEITUNG MGT7 ECO,3.077,EUR,4944925031526
E1062-1,"REAR WING MGT7 TYPE BL 1,0MM PRECUT","KAROSSERIE HECKFLÜGEL MGT7 TYPE BL 1,0MM",13.775499999999999,EUR,4944925031991
E1062,"BODY MGT7 TYPE BL 1,0MM PRECUT","KAROSSERIE MGT7 TYPE BL 1,0MM",32.712200000000003,EUR,4944925031540
E1064,MBX-7R TRUGGY INSTRUCTION MANUAL,BAUANLEITUNG MBX-7R TRUGGY,5.5692000000000004,EUR,4944925032219
E1065,MBX-7R NITRO & ECO TRUGGY DECAL,DEKORBOGEN X7R NITRO & ECO TRUGGY,5.0433000000000003,EUR,4944925032233
E1066,MBX-7R ECO TRUGGY INSTRUCTION MANUAL,BAUANLEITUNG MBX-7R ECO TRUGGY,4.1383999999999999,EUR,4944925032226
E1067a,"BODY MGT7 TYPE B2 1,0MM","KAROSSERIE MGT7 TYPE B2 1,0MM",27.1616,EUR,4944925034435
E1068,WING WHITE MBX,"SPOILER WEIß, GEBOHRT MBX",10.7502,EUR,4944925036354
E1069,WING YELLOW X7,"SPOILER GELB, GEBOHRT MBX",11.169499999999999,EUR,4944925036361
E1070,WING BLACK MBX,"SPOILER SCHWARZ, GEBOHRT MBX",10.7502,EUR,4944925036378
E1071a,"MBX-8 BODY 0,8mm","Karosserie MBX-8 0,8mm",24.978400000000001,EUR,4944925043772
E1072a,"MBX-8 ECO BODY (0,8mm)","Karosserie MBX-8 ECO (0,8mm)",24.978400000000001,EUR,4944925043789
E1074,KAROSSERIE GT Body Type GT3-GBS (1.0mm),KAROSSERIE GT Body Type GT3-GBS (1.0mm),30.58,EUR,4944925038464
E1075,MBX-8 INSTRUCTION MANUAL,BAUANLEITUNG MBX-8,2.3692000000000002,EUR,4944925037368
E1076,MBX-8 ECO INSTRUCTION MANUAL,BAUANLEITUNG MBX-8 ECO,2.3692000000000002,EUR,4944925037696
E1077,MBX-8 TRUGGY  INSTRUCTION MANUAL,BAUANLEITUNG MBX-8 TRUGGY,5.4923999999999999,EUR,4944925038068
E1078,MBX-8 NITRO  TRUGGY  INSTRUCTION MANUAL,BAUANLEITUNG MBX-8 ECO TRUGGY,5.4923999999999999,EUR,4944925038129
E1081B,REAR WING BLACK,HECKSPOILER SCHWARZ,10.5137,EUR,494492504275
E1081W,REAR WING WHITE,HECKSPOILER WEIß,10.5137,EUR,494492504273
E1081Y,REAR WING YELLOW,HECKSPOILER GELB,10.9064,EUR,494492504274
E1082,MBX-8R INSTRUCTION MANUAL,BAUANLEITUNG MBX-8R,1.8153999999999999,EUR,494492504287
E1083,MBX-8R ECO INSTRUCTION MANUAL,BAUANLEITUNG MBX-8R ECO,1.82,EUR,4944925046377
E1084,MBX-8R TRUGGY INSTRUCTION MANUAL,BAUANLEITUNG MBX-8R TRUGGY,5.6,EUR,4944925901560
E1085,MBX-8R ECO TRUGGY INSTRUCTION MANUAL,BAUANLEITUNG MBX-8R ECO TRUGGY,5.6,EUR,4944925901577
E2101,CENTER DIFF MOUNT X7,TRÄGERBÖCKE FÜR MITTELDIFFERENTIAL X7,9.1952999999999996,EUR,4944925026041
E2102,FRONT UPPER ARM X7 (E0148),QUERLENKER VA OBEN X7 (E0148),8.6056000000000008,EUR,4944925026058
E2103-B,FRONT LOWER ARM (LW),QUERLENKER VA UNTEN (leicht),9.6463999999999999,EUR,4944925042829
E2103,FRONT LOWER ARM X7,QUERLENKER VA UNTEN X7,8.5611999999999995,EUR,4944925026065
E2104,REAR LOWER ARM X7,QUERLENKER HA UNTEN X7,9.0706000000000007,EUR,4944925026072
E2105-B,FRONT UPRIGHT X7,LENKHEBEL VA X7,7.5960999999999999,EUR,4944925030857
E2106-B,REAR UPRIGHT X7,ACHSSCHENKEL HA X7,6.1090999999999998,EUR,4944925027215
E2108,BUSH SET FOR E2114,FÜHRUNGSEINSÄTZE AUS E2114,8.5611999999999995,EUR,4944925026119
E2109,FRONT UPRIGHT ARM FOR E2105,ANLENKUNGSHEBEL FÜR E2105 X7,14.026999999999999,EUR,4944925026126
E2110,LOWER ARM MOUNT,FÜHRUNG FÜR QUERLENKER VA UNTEN X7,15.306900000000001,EUR,4944925026133
E2111,FRONT LOWER ARM SUPPORT,FÜHRUNG FÜR QUERLENKER VA UNTEN X7,15.306900000000001,EUR,4944925026140
E2112-B,ALUM. FRONT UPPER ARM MOUNT ECO,QUERLENKERHALTER VA OBEN ALU. X7 ECO,18.657499999999999,EUR,4944925028212
E2112,ALUM. FRONT UPPER ARM MOUNT,QUERLENKERHALTER VA OBEN ALU. X7,21.3993,EUR,4944925026157
E2113,REAR LOWER ARM SUPPORT,FÜHRUNG FÜR QUERLENKER HA UNTEN X7,16.944299999999998,EUR,4944925026164
E2114,AL. REAR LOWER ARM MOUNT,AL. FÜHRUNG FÜR QUERLENKER HA UNTEN X7,23.798100000000002,EUR,4944925026171
E2115,FRONT LOWER ARM SHAFT X7,DREHACHSEN QUERLENKER VA UNTEN X7,3.6806000000000001,EUR,4944925026188
E2116,LOWER ARM SHAFT S,DREHACHSEN ACHSSCHENKEL HA X7,10.45,EUR,4944925026195
E2117,FRONT UPRIGHT ARM FOR E2105 CFRP,ANLENKUNGSHEBEL FÜR E2105 X7 OPT CFRP,11.812200000000001,EUR,4944925026201
E2119,REAR UPRIGHT BUSH,FÜHRUNGSEINSÄTZE OBEN HA X7,35.436700000000002,EUR,4944925026652
E2119A,REAR UPRIGHT BUSH A,FÜHRUNGSEINSÄTZE OBEN HA X7,17.938400000000001,EUR,4944925028229
E2119B,REAR UPRIGHT BUSH,FÜHRUNGSEINSÄTZE OBEN HA X7,17.938400000000001,EUR,4944925028236
E2120,REAR LOWER ARM SHAFT X7,DREHACHSEN QUERLENKER HA UNTEN X7,5.4153000000000002,EUR,4944925026928
E2121,FRONT UPPER PLATE,BEFESTIGUNGSPLATTE VA OBEN MBX-7,17.227799999999998,EUR,4944925027208
E2121Ba,SERVO SAVER SPACER FOR E2121,SERVO SAVER ABSTANDSHALTER FÜR E2121,3.5030999999999999,EUR,4944925043796
E2122A,ENGINE MOUNT MBX-7 ECO PART A,MOTORBOCK MBX-7 ECO TEIL A CHASSIS,35.064500000000002,EUR,4944925028670
E2123,KINGPIN BALL (STEEL) 2PCS. MBX7,KUGELKOPF (STAHL) 2STK.,13.2874,EUR,4944925028755
E2124,ADJUST NUT (STEEL) 2PCS.,EINSTELLMUTTERN FÜR KUGELBOLZEN (STAHL) 2STK.,7.4462999999999999,EUR,4944925028762
E2125-B,FRONT LOWER ARM X7R,QUERLENKER VA UNTEN X7R TRUGGY,9.0434000000000001,EUR,4944925032202
E2126,REAR LOWER ARM X7 TRUGGY,QUERLENKER HA UNTEN X7 TRUGGY,11.8566,EUR,4944925029219
E2127,REAR LOWER ARM SUPPORT X7 TRUGGY,FÜHRUNG FÜR QUERLENKER HA UNTEN X7 TRUGGY,19.609400000000001,EUR,4944925029226
E2128,AL. REAR LOWER ARM MOUNT X7 TRUGGY,AL. FÜHRUNG FÜR QUERLENKER HA UNTEN X7 TRUGGY,21.1707,EUR,4944925029233
E2129,FRONT UPRIGHT X7R,LENKHEBEL VA X7R,7.9958999999999998,EUR,4944925030550
E2131,REAR UPRIGHT X7R (2),ACHSSCHENKEL HA X7R (2),6.9805999999999999,EUR,4944925030567
E2132,FRONT UPPER ARM X7R,QUERLENKER VA OBEN X7R,8.4320000000000004,EUR,4944925030574
E2133,REAR LOWER ARM X7,QUERLENKER HA UNTEN X7R,9.5257000000000005,EUR,4944925030581
E2134L,"AL. REAR UPRIGHT L MBX-7 ""R""",ACHSSCHENKEL HA LINKS ALUMINIUM MBX-7 R,26.476199999999999,EUR,4944925031038
E2134R,"AL. REAR UPRIGHT R MBX-7 ""R""",ACHSSCHENKEL HA RECHTS ALUMINIUM MBX-7 R,26.476199999999999,EUR,4944925031045
E2135,2 SPEED GEAR COVER,ABDECKUNG 2 GANG,8.9524000000000008,EUR,4944925031229
E2136,FRONT ANTI-ROLL BAR F2.6MM,STABILISATOR VA 2.7MM,7.9189999999999996,EUR,4944925031472
E2137,FRONT ANTI-ROLL BAR F2.8MM,STABILISATOR VA 2.8MM,7.9189999999999996,EUR,4944925031489
E2138,REAR ANTI-ROLL BAR F2.5MM,STABILISATOR HA 2.5MM,7.7534999999999998,EUR,4944925031465
E2139a,"FRONT TRACK WIDTH ADJUST SPACER 0,5MM","EINSTELLSCHEIBEN FÜR SPURBREITE 0,5MM (4)",3.6937000000000002,EUR,4944925043802
E2141Aa,ENGINE MOUNT MBX/MGT ECO PART A,MOTORBOCK MBX/MGT ECO TEIL A CHASSIS,35.064500000000002,EUR,4944925043819
E2141Ba,ENGINE MOUNT MBX/MGT ECO PART B,MOTORBOCK MBX/MGT ECO TEIL B MOTOR,16.889399999999998,EUR,4944925043826
E2142a,GEAR BOX,GETRIEBEBOX,10.534700000000001,EUR,4944925043833
E2143a,CENTER DIFF. MOUNT,TRÄGERBÖCKE MITTELDIFFERENTIAL,12.1149,EUR,4944925043840
E2144a,FRONT LOWER ARM,QUERLENKER VA UNTEN,10.007999999999999,EUR,4944925043857
E2145,REAR LOWER ARM,QUERLENKER HA UNTEN,10.409800000000001,EUR,4944925036880
E2146a,FRONT UPRIGHT MBX ( also replacement for E2129 ),LENKHEBEL VA MBX ( auch Ersatz für E2129 ),8.5040999999999993,EUR,4944925043864
E2147a,FRONT UPRIGHT MBX  (1.5),LENKHEBEL VA MBX (1.5),8.5040999999999993,EUR,4944925043871
E2148a,TENSION ROD,VERSTEIFUNGSSTREBE,12.6013,EUR,4944925043888
E2149a,FRONT LOWER ARM MOUNT F,FÜHRUNG FÜR QUERLENKER VA UNTEN FF,15.154400000000001,EUR,4944925043895
E2150a,FRONT LOWER ARM MOUNT R,FÜHRUNG FÜR QUERLENKER VA UNTEN FR,15.154400000000001,EUR,4944925043918
E2151,REAR LOWER ARM MOUNT F,FÜHRUNG FÜR QUERLENKER HA UNTEN F,16.791899999999998,EUR,4944925036910
E2152,REAR LOWER ARM MOUNT,QUERLENKERHALTER HA UNTEN,28.1007,EUR,4944925036408
E2153a,FRONT UPRIGHT ARM FOR E2105,ANLENKUNGSHEBEL FÜR E2105 MBX,13.866099999999999,EUR,4944925043932
E2154a,FRONT LOWER ARM PLATE 1mm (CFRP),QUERLENKER PLATTE VA 1MM KOHLEFASER,12.015499999999999,EUR,4944925043949
E2155a,FRONT LOWER ARM PLATE 1.2mm (CFRP),"QUERLENKER PLATTE VA 1,2MM KOHLEFASER",12.6584,EUR,4944925043956
E2156,REAR LOWER ARM PLATE 1mm (CFRP),QUERLENKER PLATTE HA 1MM KOHLEFASER,14.5878,EUR,4944925036941
E2157,REAR LOWER ARM PLATE 1.2mm (CFRP),"QUERLENKER PLATTE HA 1,2MM KOHLEFASER",15.2645,EUR,4944925036958
E2158a,FRONT UPPER PLATE (CFRP),BEFESTIGUNGSPLATTE KOHLEFASER VA OBEN,17.058399999999999,EUR,4944925043963
E2159,REAR UPPER ARM ROD,GEWINDESTANGEN RE/LI,11.3088,EUR,4944925036972
E2160-B,CENTER DIFF. MOUNT ECO (E0188),TRÄGERBÖCKE MITTELDIFFERENTIAL ECO (E0188),13.598800000000001,EUR,4944925046322
E2160,CENTER DIFF. MOUNT ECO,TRÄGERBÖCKE MITTELDIFFERENTIAL ECO,11.4337,EUR,4944925037436
E2161a,FRONT LOWER ARM TRUGGY,QUERLENKER VA UNTEN TRUGGY,13.143000000000001,EUR,4944925043970
E2162a,REAR LOWER ARM TRUGGY,QUERLENKER HA UNTEN TRUGGY,18.488299999999999,EUR,4944925044007
E2163a,TENSION ROD TRUGGY,VERSTEIFUNGSSTREBE TRUGGY,10.2661,EUR,4944925044014
E2164a,FRONT UPPER ARM TRUGGY,QUERLENKER VA OBEN TRUGGY,8.0789000000000009,EUR,4944925044021
E2165,REAR UPPER ARM ROD (47),GEWINDESTANGEN RE/LI (47),11.3088,EUR,4944925037900
E2166a,"FRONT LOWER ARM PLATE 1,2 mm (CFRP) TRUGGY","QUERLENKER PLATTE VA 1,2 MM KOHLEFASER TRUGGY",18.1755,EUR,4944925044038
E2167a,"REAR LOWER ARM PLATE 1,2 mm (CFRP) TRUGGY","QUERLENKER PLATTE HA 1,2 MM KOHLEFASER TRUGGY",21.763300000000001,EUR,4944925044045
E2168a,FRONT UPRIGHT ARM (-3mm)  FOR E2105,ANLENKUNGSHEBEL (-3mm) FÜR E2105 MBX,13.866099999999999,EUR,4944925044052
E2169,REAR LOWER ARM MOUNT F (+2 mm),FÜHRUNG FÜR QUERLENKER HA UNTEN F (+2 mm),18.619399999999999,EUR,4944925038846
E2170,REAR LOWER ARM MOUNT F (+4 mm),FÜHRUNG FÜR QUERLENKER HA UNTEN F (+4 mm),18.619399999999999,EUR,4944925038853
E2171,REAR LOWER ARM,QUERLENKER HA UNTEN,12.700900000000001,EUR,4944925042324
E2172,REAR HUBS,ACHSTRÄGER HA (2),7.7,EUR,4944925042331
E2173,ARM MOUNT INSERT SET,ARM MOUNT INSERT SET,10.585599999999999,EUR,4944925042348
E2174,FRONT LINK MOUNT,FRONT LINK MOUNT,18.5867,EUR,4944925042355
E2175,REAR LOWER ARM MOUNT F,FÜHRUNG FÜR QUERLENKER HA UNTEN F,18.086300000000001,EUR,4944925042362
E2176,REAR LOWER ARM MOUNT R,QUERLENKERHALTER HA UNTEN,20.946100000000001,EUR,4944925042379
E2177,REAR LINK PLATES (+3),REAR LINK PLATES (+3),24.8262,EUR,4944925042386
E2178,REAR LINK PLATES (0),REAR LINK PLATES (0),24.8262,EUR,4944925042393
E2179,ANTI ROLL BAT STOPPERS,ANTI ROLL BAT STOPPERS,12.700900000000001,EUR,4944925042409
E2180,REAR LOWER ARM PLATE 1mm (CFRP),QUERLENKER PLATTE HA 1MM KOHLEFASER,18.8184,EUR,4944925042416
E2181,REAR LOWER ARM PLATE 1.2mm (CFRP),"QUERLENKER PLATTE HA 1,2MM KOHLEFASER",19.8,EUR,4944925042423
E2182,AL. REAR UPRIGHT SET,ACHSSCHENKEL HA ALUMINIUM (RE/LI),85.1233,EUR,4944925042430
E2182A/B,REAR UPRIGHT BUSH SET,FÜHRUNGSEINSÄTZE HA,5.9847000000000001,EUR,4944925042836
E2182L,AL. REAR UPRIGHT L,ACHSSCHENKEL HA LINKS ALUMINIUM,37.1967,EUR,4944925042447
E2182R,AL. REAR UPRIGHT R,ACHSSCHENKEL HA RECHTS ALUMINIUM,37.1967,EUR,4944925042454
E2183,REAR LOWER ARM (LW),QUERLENKER HA UNTEN (leicht),11.1737,EUR,4944925042461
E2184,FRONT ANTI-ROLL BAR F2.0MM,STABILISATOR VA 2.0MM,8.0020000000000007,EUR,4944925042850
E2185,REAR ANTI-ROLL BAR F2.4MM,STABILISATOR HA 2.4MM,7.5460000000000003,EUR,4944925042867
E2186,REAR LOWER ARM MOUNT F,QUERLENKERHALTER HA UNTEN R,20.5425,EUR,4944925901355
E2187,ALUM REAR LOWER ARM MOUNT R,QUERLENKERHALTER HA UNTEN R,32.224499999999999,EUR,4944925901362
E2188,"FRONT LOWER ARM TRUGGY ""LW""","QUERLENKER VA UNTEN TRUGGY ""leicht""",12.98,EUR,4944925901379
E2189,"REAR LOWER ARM TRUGGY ""LW""","QUERLENKER HA UNTEN TRUGGY ""leicht""",16.114999999999998,EUR,4944925901386
E2201,DIFF CASE X7,DIFFERENTIAL-GEHÄUSE X7,6.7169999999999996,EUR,4944925026218
E2202,CONICAL GEAR 44T X7,DIFFERENTIAL-TELLERRAD 44Z. X7,35.890500000000003,EUR,4944925026225
E2203,CONICAL GEAR 42T X7,DIFFERENTIAL-TELLERRAD 42Z. X7,35.518300000000004,EUR,4944925026232
E2204,BEVEL GEAR X7 13T,DIFF KEGELRAD X7 13Z,9.7545000000000002,EUR,4944925026249
E2205,BEVEL GEAR X7 12T,DIFF KEGELRAD X7 12Z,9.5309000000000008,EUR,4944925026256
E2206,SPUR GEAR 46T X7,HAUPTZAHNRAD STAHL 46Z. X7,34.066299999999998,EUR,4944925026263
E2207,SPUR GEAR 44T,HAUPTZAHNRAD STAHL 44Z,36.746699999999997,EUR,4944925026270
E2208,F/R DIFF. GEAR SET,DIFFERENTIAL KOMPLETT VA/HA X7,52.292200000000001,EUR,4944925026287
E2209,CENTER DIFF. GEAR SET,DIFFERENTIAL KOMPLETT MITTE X7,49.178400000000003,EUR,4944925026294
E2210,CONICAL GEAR 46T X7 TRUGGY,DIFFERENTIAL-TELLERRAD 46Z. X7 TRUGGY,33.209699999999998,EUR,4944925029240
E2211,BEVEL GEAR X7 TRUGGY 10T,DIFF KEGELRAD X7 TRUGGY 10Z,9.7545000000000002,EUR,4944925029257
E2212,CENTER DRIVE SHAFT X7 TRUGGY (156.5),ANTRIEBSWELLE MITTE MBX-7 TRUGGY,11.2706,EUR,4944925029264
E2213,WHEEL HUB (9) MBX7T,FELGENAUFNAHMEN  MBX-7T TRUGGY (9MM),9.9762000000000004,EUR,4944925029271
E2214,WHEEL HUB (11.5) MBX7T,FELGENAUFNAHMEN  MBX-7T TRUGGY (11.5MM),10.928100000000001,EUR,4944925029288
E2215,CENTER UNIVERSAL JOINT SET MBX-7T (82.5),ANTRIEBSWELLE MITTE MBX-7T (82.5),12.1845,EUR,4944925029295
E2216,CENTER UNIVERSAL JOINT SET MBX-7T(156.5),ANTRIEBSWELLE MITTE MBX-7T(156.5),16.8216,EUR,4944925029301
E2217,SPUR GEAR 48T X7,HAUPTZAHNRAD STAHL 48Z. X7,38.049700000000001,EUR,4944925030383
E2218,F UNIVERSAL JOINT SET MBX-7R,ANTRIEBSWELLEN MIT KARDANGELENK VA MBX-7R,38.923299999999998,EUR,4944925030604
E2219,R UNIVERSAL JOINT SET MBX-7R,ANTRIEBSWELLEN MIT KARDANGELENK HA MBX-7R,38.923299999999998,EUR,4944925030611
E2220,2-SPEED SHAFT,GETRIEBEWELLE MGT-7,7.04,EUR,4944925031236
E2221,CENTER JOINT CUP MGT,GELENKKAPPE MITTE MGT-7,10.8306,EUR,4944925031243
E2222,CENTER DRIVE SHAFT (89),ANTRIEBSWELLE MITTE AUS E02224 (89),13.0984,EUR,4944925031250
E2223,CENTER DRIVE SHAFT (94),ANTRIEBSWELLE MITTE AUS E02224 (94),13.301600000000001,EUR,4944925031267
E2224,CENTER UNIVERSAL JOINT (89) SET,ANTRIEBSWELLE MITTE MIT KARDANGELENK (89),20.3416,EUR,4944925031281
E2225,CENTER UNIVERSAL JOINT (94) SET,ANTRIEBSWELLE MITTE MIT KARDANGELENK (94),20.68,EUR,4944925031274
E2226,F/R DIFF. GEAR SET MGT,DIFFERENTIAL KOMPLETT VA/HA MGT7,52.292200000000001,EUR,4944925031298
E2227,F/R UNIVERSAL JOINT SET MBX-7TR,ANTRIEBSWELLEN MIT KARDANGELENK VA/HA MBX-7TR,41.630600000000001,EUR,4944925032196
E2228,CENTER UNIVERSAL JOINT (78.5),"ANTRIEBSWELLEN MIT KARDANGELENK MITTE (78,5)",19.292200000000001,EUR,4944925032240
E2229,CENTER UNIVERSAL JOINT (110),ANTRIEBSWELLEN MIT KARDANGELENK MITTE (110),20.1722,EUR,4944925032257
E2230,CENTER UNIVERSAL JOINT SET MBX-7T (82.5),KARDAN ANTRIEBSWELLE MITTE MBX-7T (82.5),20.747800000000002,EUR,4944925033681
E2231,CENTER UNIVERSAL JOINT SET MBX-7T(156.5),KARDAN ANTRIEBSWELLE MITTE MBX-7T(156.5),22.406099999999999,EUR,4944925033698
E2232a,DIFF CASE (HT DIFF.),DIFFERENTIAL-GEHÄUSE (HT DIFF.),7.9507000000000003,EUR,4944925044069
E2233,CONICAL GEAR 44T (HT DIFF.),DIFFERENTIAL-TELLERRAD 44Z (HT DIFF.),34.0291,EUR,4944925033902
E2234a,SPUR GEAR 44T (HT DIFF.),HAUPTZAHNRAD STAHL 44Z (HT DIFF.),34.5503,EUR,4944925044076
E2235a,SPUR GEAR 46T (HT DIFF.),HAUPTZAHNRAD STAHL 46Z (HT DIFF.),27.9236,EUR,4944925044083
E2236a,SPUR GEAR 48T (HT DIFF.),HAUPTZAHNRAD STAHL 48Z (HT DIFF.),28.191400000000002,EUR,4944925044090
E2237,CUP JOINT MBX (HT DIFF.),DIFF KLAUE MBX (HT DIFF.),11.727499999999999,EUR,4944925033940
E2238a,DIFF. GEAR 10T (4PCS.) (HT DIFF.),DIFFERENTIAL-ZAHNRÄDER 10 ZÄHNE (4) (HT DIFF.),5.4730999999999996,EUR,4944925044106
E2239,DIFF. GEAR 20T (HT DIFF.),DIFF ZAHNRÄDER 20 ZÄHNE MBX (2) (HT DIFF.),5.1376999999999997,EUR,4944925033964
E2240a,DIFF. SHAFT (HT DIFF.),DIFF WELLEN (HT DIFF.),3.4437000000000002,EUR,4944925044113
E2241,DIFF GASKET (HT DIFF.),DICHTUNGEN FÜR DIFFERENTIALGEHÄUSE (10) (HT DIFF.),7.1924000000000001,EUR,4944925033988
E2242a,S6 O-RING (HT DIFF.),O-RING S6 (HT DIFF.),4.0487000000000002,EUR,4944925044120
E2243,DIFF. WASHER SET (HT DIFF.),DIFF EINMEßSCHEIBEN (HT DIFF.),6.2194000000000003,EUR,4944925034008
E2244,F/R DIFF. GEAR SET 44T (HT DIFF.),DIFFERENTIAL KOMPLETT VA/HA X7 44T (HT DIFF.),52.732199999999999,EUR,4944925034015
E2245-B,CENTER DIFF. GEAR SET 46T,DIFFERENTIAL KOMPLETT MITTE 46T,60.110599999999998,EUR,4944925042911
E2245,CENTER DIFF. GEAR SET 46T (HT DIFF.),DIFFERENTIAL KOMPLETT MITTE 46T (HT DIFF.),53.510599999999997,EUR,4944925034022
E2246,CONICAL GEAR 42T (HT DIFF.),DIFFERENTIAL-TELLERRAD 42Z (HT DIFF.),33.730899999999998,EUR,4944925034039
E2247,CONICAL GEAR 46T TRUGGY (HT DIFF.),DIFFERENTIAL-TELLERRAD 46Z TRUGGY (HT DIFF.),31.497299999999999,EUR,4944925034046
E2248,F/R DIFF. GEAR SET 42T (HT DIFF.),DIFFERENTIAL KOMPLETT VA/HA 42T (HT DIFF.),48.806100000000001,EUR,4944925034053
E2249,F/R DIFF. GEAR SET 46T TRUGGY (HT DIFF.),DIFFERENTIAL KOMPLETT VA/HA 46T TRUGGY (HT DIFF.),49.5167,EUR,4944925034060
E2250a,SPUR GEAR 47T (HT DIFF.),HAUPTZAHNRAD STAHL 47Z (HT DIFF.),36.597700000000003,EUR,4944925044137
E2251,H.T. CENTER DIFF. GEAR SET 47T,DIFFERENTIAL KOMPLETT H.T. MITTE 47T,57.098399999999998,EUR,4944925037313
E2252a,BEVEL GEAR 12T,DIFF KEGELRAD 12Z,10.536199999999999,EUR,4944925044144
E2253a,BEVEL GEAR 13T,DIFF KEGELRAD 13Z,10.7225,EUR,4944925044151
E2254a,CONICAL GEAR 42T,DIFFERENTIAL-TELLERRAD 42Z,29.727799999999998,EUR,4944925044168
E2255a,CONICAL GEAR 44T,DIFFERENTIAL-TELLERRAD 44Z,29.9907,EUR,4944925044175
E2256-B,F/R DIFF. GEAR SET 42T,DIFFERENTIAL KOMPLETT VA/HA 42Z,61.227800000000002,EUR,4944925042928
E2256,F/R DIFF. GEAR SET 42T,DIFFERENTIAL KOMPLETT VA/HA 42Z,58.587800000000001,EUR,4944925037023
E2257-B,F/R DIFF. GEAR SET 44T,DIFFERENTIAL KOMPLETT VA/HA 44Z,48.147300000000001,EUR,4944925042935
E2257,F/R DIFF. GEAR SET 44T,DIFFERENTIAL KOMPLETT VA/HA 44Z,46.071300000000001,EUR,4944925037030
E2258a,PLASTIC SPUR GEAR 44T ECO H.T. DIFF,HAUPTZAHNRAD KUNSTSTOFF 44Z. ECO H.T. DIFF,9.7265999999999995,EUR,4944925044182
E2259a,PLASTIC SPUR GEAR 46T  ECO H.T. DIFF,HAUPTZAHNRAD KUNSTSTOFF 46Z ECO H.T. DIFF,9.7265999999999995,EUR,4944925044199
E2260,CENTER JOINT CUP,GELENKKAPPE MITTE,7.9539,EUR,4944925037399
E2261,"CENTER DRIVE SHAFT (84,5)","ANTRIEBSWELLE MITTE (84,5)",7.0061,EUR,4944925037405
E2262,CENTER DRIVE SHAFT (115),ANTRIEBSWELLE MITTE (115),7.9539,EUR,4944925037412
E2263a,BEVEL GEAR 10T,DIFF KEGELRAD 10Z,10.536199999999999,EUR,4944925044205
E2264a,CONICAL GEAR 46T,DIFFERENTIAL-TELLERRAD 46Z,38.570900000000002,EUR,4944925044212
E2265,F/ R DRIVE SHAFT TRUGGY,ANTRIEBSWELLEN AUS E2266 TRUGGY,18.5139,EUR,4944925037955
E2266,F/ R UNIVERSAL JOINT SET TRUGGY,ANTRIEBSWELLEN MIT KARDANGELENK VA/HA TRUGGY,35.098399999999998,EUR,4944925037962
E2267,SPUR GEAR 45T (HT DIFF.),HAUPTZAHNRAD STAHL 45Z (HT DIFF.),36.411799999999999,EUR,4944925038754
E2268,CENTER DRIVE SHAFT (88),ANTRIEBSWELLE MITTE MBX-8T (88),7.0061,EUR,4944925039409
E2269,"CENTER DRIVE SHAFT (161,5)","ANTRIEBSWELLE MITTE MBX-8T (161,5)",9.5784000000000002,EUR,4944925039416
E2270a,CLOSED SELF LOCK WHEEL NUT (4),"RADMUTTERN, SELBSTSICHERND GESCHLOSSEN MBX (4)",15.6875,EUR,4944925044229
E2271,DIFF. GEAR 20T,DIFF ZAHNRÄDER 20 ZÄHNE MBX (2),5.8825000000000003,EUR,4944925042478
E2272,F/R UNIVERSAL JOINT MBX-8T/TE,ANTRIEBSWELLEN MIT KARDANGELENK VA/HA MBX-8T/TE,35.875,EUR,4944925046445
E2301a,SERVO SAVER ARM X7,SERVO SAVER KUNSTSTOFFTEILE X7,5.8872999999999998,EUR,4944925044236
E2302,RADIO BOX X7,EMPFÄNGERBOX  X7,10.3635,EUR,4944925026317
E2303a,ACCU BOX X7,AKKU BEFESTIGUNG X7,10.3635,EUR,4944925044243
E2304,RADIO PLATE X7,RADIOPLATTE X7,35.064500000000002,EUR,4944925026331
E2305,SERVO SAVER SHAFT X7,SERVO-SAVER DREHACHSEN X7,8.5611999999999995,EUR,4944925026348
E2306a,SERVO SAVER PIPE,SERVO SAVER FEDERAUFNAHME  X7,7.7972999999999999,EUR,4944925044250
E2307,SERVO SAVER PLATE X7,SERVO SAVER PLATTE X7,12.5802,EUR,4944925026362
E2308,BRAKE CAM,BREMSHEBEL X7,6.4416000000000002,EUR,4944925026379
E2309a,BRAKE DISC X7,BREMSSCHEIBEN X7,26.784199999999998,EUR,4944925044267
E2310a,AL. SERVO SAVER ARM X7,"ANLENKHEBEL, ALUMINIUM X7",13.775499999999999,EUR,4944925044274
E2311,ALU. SERVO SAVER SHAFT X7,ALU. SERVO-SAVER DREHACHSEN X7,10.1287,EUR,4944925026935
E2312,STEERING PLATE X7 ECO,SERVO SAVER PLATTE X7 ECO,10.966100000000001,EUR,4944925028694
E2313,RADIO PLATE MBX-7 ECO,RADIOPLATTE MBX-7 ECO (E0328),10.8306,EUR,4944925028922
E2313,RADIOPLATTE MBX-7 ECO (E0328),RADIOPLATTE MBX-7 ECO (E0328),10.8306,EUR,4944925028922
E2314a,STEERING PLATE X7R,SERVO SAVER PLATTE X7R,9.2060999999999993,EUR,4944925044281
E2315,BRAKE CAM MGT,BREMSHEBEL MGT7,7.7972999999999999,EUR,4944925031304
E2316,SERVO SAVER SPRING MGT,SERVO SAVER FEDER MGT,2.6061000000000001,EUR,4944925031496
E2317,BATTERY BOX,AKKUBOX,10.2661,EUR,4944925037054
E2318,RADIO PLATE,RADIOPLATTE,34.726100000000002,EUR,4944925037061
E2319,SERVO SAVER SHAFT,SERVO-SAVER DREHACHSEN,10.007999999999999,EUR,4944925037078
E2320,SERVO SAVER SPRING ADJ.,EINSTELLMUTTER FEDERVORSPANNUNG SERVOSAVER,8.4807000000000006,EUR,4944925037085
E2321,BRAKE CAM,BREMSHEBEL,7.7168000000000001,EUR,4944925037092
E2322,SERVO SAVER SHAFT (ALUM),ALU. SERVO-SAVER DREHACHSEN,10.585599999999999,EUR,4944925037108
E2323-B,ST. servo mount & receiver box,Lenkservo Befestigung & Empfängerbox,12.903,EUR,4944925046339
E2323,"RADIOPLATTE MBX-8 ECO (E0328, E2313)","RADIOPLATTE MBX-8 ECO (E0328, E2313)",15.423500000000001,EUR,4944925037733
E2323,"RADIO PLATE MBX-8 ECO (E0328, E2313)","RADIOPLATTE MBX-8 ECO (E0328, E2313)",15.423500000000001,EUR,4944925037733
E2324,Battery Connector Holder,BATTERIESTECKER HALTER,12.9526,EUR,4944925038150
E2325,"Electric Switch Holder (Futaba, Sanwa)","Halter für Elektronischen Schalter (Futaba, Sanwa)",15.420400000000001,EUR,4944925039423
E2326,"Electric Switch Holder (ProTek, G-Force)","Halter für Elektronischen Schalter (ProTek, G-Force)",15.0464,EUR,4944925039430
E2327,BATTERY BOX (LARGE),AKKUBOX GROß,10.1541,EUR,4944925042485
E2328,RADIO BOX,EMPFÄNGERBOX,9.9423999999999992,EUR,4944925042492
E2329,RADIO TRAY,RADIOPLATTE,25.754000000000001,EUR,4944925042508
E2330,BRAKE PAD SPRINGS,BRAKE PAD SPRINGS,3.7273000000000001,EUR,4944925042515
E2331,BATTERY BOX,AKKUBOX,11.164999999999999,EUR,4944925046346
E2401,CHASSIS X7,CHASSIS X7,79.877099999999999,EUR,4944925026393
E2402,WING STAY X7,SPOILER-BEFESTIGUNG X7,8.8063000000000002,EUR,4944925026409
E2403,AL. WING WASHER A,UNTERLEGSCHEIBE ALU. HECKFLÜGEL (A),7.9250999999999996,EUR,4944925028366
E2404,AL. WING WASHER B,UNTERLEGSCHEIBE ALU. HECKFLÜGEL (B),7.9250999999999996,EUR,4944925028373
E2405,CHASSIS X7 ECO,CHASSIS X7 ECO,67.734700000000004,EUR,4944925028700
E2406,CHASSIS MBX7T,CHASSIS MBX-7 TRUGGY,73.657700000000006,EUR,4944925029318
E2407,CHASSIS MBX7T ECO,CHASSIS MBX-7 ECO TRUGGY,86.328800000000001,EUR,4944925029783
E2408,WING STAY X7R,SPOILER BEFESTIGUNG X7R,8.4659999999999993,EUR,4944925030628
E2409a,STONE GUARD MBX-7R,STEINSCHLAGSCHUTZ MBX-7R,10.3635,EUR,4944925044298
E2410,CHASSIS X7R,CHASSIS X7R,65.365300000000005,EUR,4944925030642
E2411,CHASSIS X7R ECO,CHASSIS X7R ECO,68.052099999999996,EUR,4944925030659
E2412,CHASSIS MGT-7 GAS,CHASSIS MGT-7 NITRO,72.642399999999995,EUR,4944925031328
E2413,FRONT BUMPER FOAM,RAMMSCHUTZ VA MGT-7 SCHAUMSTOFF,7.2598000000000003,EUR,4944925031335
E2414,FRONT BUMPER,RAMMSCHUTZ VA MGT-7,15.082599999999999,EUR,4944925031342
E2415,BODY MOUNT MGT,KAROSSERIEBEFESTIGUNG HA MGT7,13.914999999999999,EUR,4944925031359
E2416-B,STONE GUARD MBX8TR,STEINSCHLAGSCHUTZ MBX-8TR TRUGGY,15.433,EUR,4944925901393
E2416,STONE GUARD MBX7TR,STEINSCHLAGSCHUTZ MBX-7TR TRUGGY,11.141500000000001,EUR,4944925032141
E2416a,STONE GUARD MBX7TR,STEINSCHLAGSCHUTZ MBX-7TR TRUGGY,11.141500000000001,EUR,4944925044304
E2417,CHASSIS X7RT,CHASSIS X7RT,69.871200000000002,EUR,4944925032158
E2418,CHASSIS MBX7TR ECO,CHASSIS MBX-7TR ECO,66.253799999999998,EUR,4944925032165
E2419a,WEIGHT 20G MBX/MBXT,AUSGLEICHSGEWICHT 20G MBX,11.1014,EUR,4944925044311
E2420,WEIGHT 40G MBX/MBXT,AUSGLEICHSGEWICHT 40G MBX,13.425800000000001,EUR,4944925032332
E2421a,FRONT BUMPER,RAMMSCHUTZ,5.5951000000000004,EUR,4944925044328
E2422a,REAR WING STAY,SPOILER BEFESTIGUNG,9.0984999999999996,EUR,4944925044335
E2423,CHASSIS X8 NITRO,CHASSIS X8  NITRO,73.721199999999996,EUR,4944925037139
E2424a,CHASSIS X8 ECO (E2433 replacement kit with Updated ECO Battery Tray),CHASSIS X8 ECO (E2433 replacement kit with Updated ECO Battery Tray),67.353800000000007,EUR
E2425,CHASSIS X8 NITRO V2 (also replacement for E2423),CHASSIS X8  NITRO V2 (ersetzt E2423),69.892399999999995,EUR,4944925038433
E2426a,CHASSIS NITRO TRUGGY,CHASSIS NITRO TRUGGY,73.446200000000005,EUR,4944925044342
E2427a,CHASSIS ECO TRUGGY,CHASSIS ECO TRUGGY,71.394099999999995,EUR,4944925044359
E2428,REAR WING STAY (+15),SPOILER BEFESTIGUNG (+15),9.0984999999999996,EUR,4944925038273
E2429,REAR WING MOUNT (+15),SPOILER BEFESTIGUNG (+15),8.9270999999999994,EUR,4944925042522
E2430,ALU. WING BUTTONS,ALU. WING BUTTONS,8.4147999999999996,EUR,4944925042539
E2431,REAR WING MOUNT PLATE (CFRP),REAR WING MOUNT PLATE (CFRP),9.5784000000000002,EUR,4944925042546
E2432,CHASSIS X8R NITRO,CHASSIS X8R NITRO,74.313500000000005,EUR,4944925042553
E2433,CHASSIS X8R ECO,CHASSIS X8R ECO,71.912499999999994,EUR,4944925046353
E2434,CHASSIS NITRO TRUGGY MBX-8TR,CHASSIS NITRO TRUGGY MBX-8TR,78.78,EUR,4944925901409
E2435,CHASSIS ECO TRUGGY MBX-8TR,CHASSIS ECO TRUGGY MBX-8TR,73.97,EUR,4944925901416
E2501,FRONT DAMPER CASE X7,DÄMPFER GEHÄUSE VA X7,29.090699999999998,EUR,4944925026416
E2502,FRONT DAMPER STAY X7,DÄMPFER BEFESTIGUNGSPLATTE VA X7,21.1539,EUR,4944925026423
E2503,REAR DAMPER STAY X7,DÄMPFER BEFESTIGUNGSPLATTE HA X7,28.8367,EUR,4944925026430
E2503B,REAR DAMPER STAY X7 ECO,DÄMPFER BEFESTIGUNGSPLATTE HA X7 ECO,30.36,EUR,4944925027062
E2504a,DAMPER PIVOT (4),DÄMPFER-BEFESTIGUNG KUGELKOPF,6.0366,EUR,4944925044366
E2505,DAMPER BOOTS F (2),DÄMPFER STAUBSCHUTZMANSCHETTE X7 VA  (2),7.2134,EUR,4944925026454
E2506,DAMPER BOOTS R (2),DÄMPFER STAUBSCHUTZMANSCHETTE X7 HA  (2),7.2134,EUR,4944925026461
E2507,"FRONT DAMPER SPRING F1.5 70/8,25T","DÄMPFER FEDERN VA 1.5MM 70/8,25T X7",9.3859999999999992,EUR,4944925026478
E2508,"FRONT DAMPER SPRING F1.5 70/8,0T","DÄMPFER FEDERN VA 1.5MM 70/8,0T X7",9.3859999999999992,EUR,4944925026485
E2509,"FRONT DAMPER SPRING F1.5 70/7,75T","DÄMPFER FEDERN VA 1.5MM 70/7,75T X7",9.3859999999999992,EUR,4944925026492
E2510,"FRONT DAMPER SPRING F1.5 70/7,5T","DÄMPFER FEDERN VA 1.5MM 70/7,5T X7",9.3859999999999992,EUR,4944925026508
E2511,FRONT DAMPER STAY CFRP,DÄMPFER BEFESTIGUNGSPLATTE VA X7 CFRP,30.9694,EUR,4944925026515
E2512,FRONT DAMPER SET X7,STOßDÄMPFER VA X7,60.801000000000002,EUR,4944925026829
E2513,REAR DAMPER SET X7,STOßDÄMPFER HA X7,62.872500000000002,EUR,4944925026836
E2514,CARBON REAR DAMPER STAY X7,DÄMPFER BEFESTIGUNGSPLATTE HA X7,50.024500000000003,EUR,4944925027055
E2515,"FRONT DAMPER SPRING F1.6 70/9,5T","DÄMPFER FEDERN VA 1.6MM 70/9,5T X7",9.8535000000000004,EUR,4944925027147
E2516,"FRONT DAMPER SPRING F1.6 70/9,25T","DÄMPFER FEDERN VA 1.6MM 70/9,25T X7",9.8535000000000004,EUR,4944925027154
E2517,"FRONT DAMPER SPRING F1.6 70/9,0T","DÄMPFER FEDERN VA 1.6MM 70/9,0T X7",9.8535000000000004,EUR,4944925027161
E2518,"FRONT DAMPER SPRING F1.6 70/8,75T","DÄMPFER FEDERN VA 1.6MM 70/8,75T X7",9.8535000000000004,EUR,4944925027178
E2519,DAMPER PISTON (F1.2 8H),DÄMPFER KOLBEN 8-LOCH 1.2MM MBX-6/6T/7 (4),13.1046,EUR,4944925027185
E2520,ALUMI. FRONT DAMPER STAY MBX7T,DÄMPFER BEFEST.SPLATTE VA ALU. MBX-7 TRUGGY,33.1355,EUR,4944925029325
E2521,ALUMI. REAR DAMPER STAY MBX7T,DÄMPFER BEFEST.SPLATTE HA ALU. MBX-7 TRUGGY,36.113900000000001,EUR,4944925029332
E2522,DAMPER CAP MBX-7R,DÄMPFER VERSCHLUßKAPPEN MBX-7R,14.7357,EUR,4944925029349
E2523,DAMPER SPRING ADJUSTER MBX-7R,DÄMPFER EINSTELLMUTTERN MBX-7R,8.5611999999999995,EUR,4944925029356
E2524,DIAPHRAGM MBX-7R,DÄMPFER MEMBRANE MBX-7R (4),5.8636999999999997,EUR,4944925029363
E2525a,DAMPER PISTON X7R (F1.3 8H),DÄMPFER KOLBEN 8-LOCH 1.3MM MBX-7R (2),11.6389,EUR,4944925044373
E2526a,FRONT DAMPER CASE X7R,DÄMPFER GEHÄUSE VA X7R,25.625699999999998,EUR,4944925044380
E2527a,REAR DAMPER CASE MBX-7R,DÄMPFER GEHÄUSE HA MBX-7R,28.4056,EUR,4944925044397
E2528,FRONT DAMPER SET X7R,STOßDÄMPFER SET VA X7R,52.515500000000003,EUR,4944925029400
E2529,REAR DAMPER SET X7R,STOßDÄMPFER SET HA X7,54.77,EUR,4944925029417
E2530,O-RING S18 (10),O-RING S-18 (10),5.6313000000000004,EUR,4944925029424
E2531,REAR DAMPER SHAFT 7R,DÄMPFER KOLBENSTANGE HA MBX-7R,7.5477999999999996,EUR,4944925030666
E2532,REAR DAMPER STAY X7R,DÄMPFER BEFESTIGUNGSPLATTE HA X7R,24.8767,EUR,4944925030673
E2533,CARBON REAR DAMPER STAY X7R (also replacement for E2532),DÄMPFER BEFESTIGUNGSPLATTE HA X7R CFRP (auch Ersatz für E2532),40.006100000000004,EUR,4944925030680
E2534a,DAMPER PISTON (F1.35 5H) X7R,DÄMPFER KOLBEN 5-LOCH 1.35MM MBX-7R (2),10.5284,EUR,4944925044403
E2535a,DAMPER PISTON (DIA.1.2/8H) MBX7R,DÄMPFER KOLBEN 8-LOCH 1.2MM MBX-7R (2),11.6389,EUR,4944925044410
E2536,DAMPER PISTON X7R (FXX XH),DÄMPFER KOLBEN X-LOCH XMM MBX-7R (2),13.771100000000001,EUR,4944925031052
E2537,FRONT DAMPER STAY MGT7,DÄMPFER BEFESTIGUNGSPLATTE VA MGT7,22,EUR,4944925031366
E2538,REAR DAMPER STAY MGT7,DÄMPFER BEFESTIGUNGSPLATTE HA MGT7,25.249400000000001,EUR,4944925031373
E2539,REAR DAMPER SHAFT 7R,DÄMPFER KOLBENSTANGE MGT7,6.5660999999999996,EUR,4944925031380
E2540,DAMPER CASE MGT7,DÄMPFER GEHÄUSE MGT7,23.798100000000002,EUR,4944925031397
E2541,FRONT DAMPER SET X7R,STOßDÄMPFER SET MGT7,51.327500000000001,EUR,4944925031403
E2542,FRONT DAMPER STAY CFRP MGT7,DÄMPFER BEFESTIGUNGSPLATTE VA MGT7 CFRP,31.8155,EUR,4944925031410
E2543,REAR DAMPER STAY CFRP MGT7,DÄMPFER BEFESTIGUNGSPLATTE HA MGT7 CFRP,39.193899999999999,EUR,4944925031427
E2544,"DAMPER SPRING F2,2 L40 / 5.5T BLACK","DÄMPFER FEDERN 2,2MM L40 / 5.5T MGT7 SOFT",9.8535000000000004,EUR,4944925031670
E2545,"DAMPER SPRING F2,2 L40 / 5.25T SILVER","DÄMPFER FEDERN 2,2MM L40 / 5.25T MGT7 SILBER MED.",9.6735000000000007,EUR,4944925031687
E2546,"DAMPER SPRING F2,2 L40 / 5.0T BLUE","DÄMPFER FEDERN 2,2MM L40 / 5.0T MGT7 BLAU HARD",9.8535000000000004,EUR,4944925031694
E2547,"DAMPER SPRING F2,2 L40 / 4.XXT WHITE","DÄMPFER FEDERN 2,2MM L40 / 4,XXT MGT7 WEIß EXTR.H.",9.8535000000000004,EUR,4944925031809
E2548,REAR DAMPER CASE 7RT,DÄMPFER GEHÄUSE HA MBX-7RT,28.3675,EUR,4944925032172
E2549,REAR DAMPER SET X7,STOßDÄMPFER SET HA X7RT,53.703499999999998,EUR,4944925032189
E2550,FRONT DAMPER SPRING F1.4 70/8T,DÄMPFER FEDERN VA 1.4MM 70/8T X7,7.2640000000000002,EUR,4944925032035
E2551,"FRONT DAMPER SPRING F1.4 70/7,75T","DÄMPFER FEDERN VA 1.4MM 70/7,75T X7",7.2640000000000002,EUR,4944925032028
E2552,"FRONT DAMPER SPRING F1.4 70/7,5T","DÄMPFER FEDERN VA 1.4MM 70/7,5T X7",7.2640000000000002,EUR,4944925032042
E2553,"FRONT DAMPER SPRING F1.4 70/7,25T","DÄMPFER FEDERN VA 1.4MM 70/7,25T X7",7.2640000000000002,EUR,4944925032059
E2554,"FRONT DAMPER SPRING F1.4 70/7,0T","DÄMPFER FEDERN VA 1.4MM 70/7,0T X7",6.9405000000000001,EUR,4944925032066
E2555,"FRONT DAMPER SPRING F1.4 70/6,75T","DÄMPFER FEDERN VA 1.4MM 70/6,75T X7",6.9405000000000001,EUR,4944925032073
E2556,REAR DAMPER SPRING F1.4 85/9T,DÄMPFER FEDERN HA 1.4MM 85/9T,7.5880000000000001,EUR,4944925032080
E2557,"REAR DAMPER SPRING F1.4 85/8,75T","DÄMPFER FEDERN HA 1.4MM 85/8,75T",7.5880000000000001,EUR,4944925032097
E2558,"REAR DAMPER SPRING F1.4 85/8,5T","DÄMPFER FEDERN HA 1.4MM 85/8,5T",7.5880000000000001,EUR,4944925032103
E2559,"REAR DAMPER SPRING F1.4 85/8,25T","DÄMPFER FEDERN HA 1.4MM 85/8,25T",7.5880000000000001,EUR,4944925032110
E2560,"REAR DAMPER SPRING F1.4 85/8,0T","DÄMPFER FEDERN HA 1.4MM 85/8,0T",7.2640000000000002,EUR,4944925032127
E2561,"REAR DAMPER SPRING F1.4 85/7,75T","DÄMPFER FEDERN HA 1.4MM 85/7,75T",7.2640000000000002,EUR,4944925032134
E2562,FRONT DAMPER STAY,DÄMPFER BEFESTIGUNGSPLATTE VA,20.916699999999999,EUR,4944925037146
E2563-Ba,REAR DAMPER STAY,"DÄMPFER BEFESTIGUNGSPLATTE HA ""Multi Wing""",26.636700000000001,EUR,4944925044427
E2564,SHOCK PIN,DÄMPFER BEFESTIGUNGS PIN,7.8059000000000003,EUR,4944925037160
E2565,FRONT DAMPER STAY (CFRP),DÄMPFER BEFESTIGUNGSPLATTE VA KOHLEFASER,32.763300000000001,EUR,4944925037177
E2566-Ba,REAR DAMPER STAY (CFRP) (Multi Wing),DÄMPFER BEFESTIGUNGSPLATTE HA KOHLEFASER (Multi Wing),42.544499999999999,EUR,4944925044434
E2567a,FRONT DAMPER STAY TRUGGY,DÄMPFER BEFESTIGUNGSPLATTE VA TRUGGY,27.923300000000001,EUR,4944925044441
E2568a,REAR DAMPER STAY TRUGGY,DÄMPFER BEFESTIGUNGSPLATTE HA TRUGGY,31.476700000000001,EUR,4944925044458
E2569a,DAMPER PISTON X7R (F1.3 6H),DÄMPFER KOLBEN 6-LOCH 1.3MM  (2),10.661799999999999,EUR,4944925044465
E2570a,FRONT DAMPER STAY (CFRP) MBX-8T,DÄMPFER BEFESTIGUNGSPLATTE VA KOHLEFASER MBX-8T,35.538400000000003,EUR,4944925044472
E2571,REAR DAMPER STAY (CFRP) MBX-8T,DÄMPFER BEFESTIGUNGSPLATTE HA KOHLEFASER MBX-8T,49.313899999999997,EUR,4944925038730
E2572a,EMULSION DAMPER CAP MBX-8,DÄMPFER VERSCHLUßKAPPEN MBX-8,18.151399999999999,EUR,4944925044489
E2573,EMULSION DAMPER CAP SEAL MBX-8,DÄMPFER VERSCHLUßKAPPEN DICHTUNG MBX-8,6.7016,EUR,4944925041785
E2574a,EMULSION DAMPER CAP MBX-8,"ALUMINIUM SCHEIBE 2x4x0,5mm",4.8738999999999999,EUR,4944925044496
E2575,FRONT DAMPER STAY,DÄMPFER BEFESTIGUNGSPLATTE VA,20.950600000000001,EUR,4944925042560
E2576,FRONT DAMPER STAY (CFRP),DÄMPFER BEFESTIGUNGSPLATTE VA KOHLEFASER,32.796700000000001,EUR,4944925042577
E2577,FRONT DAMPER SET,STOßDÄMPFER SET VA,49.602499999999999,EUR,4944925042881
E2578,REAR DAMPER SET,STOßDÄMPFER SET HA,51.491,EUR,4944925042898
E2579,FRONT DAMPER STAY TRUGGY,DÄMPFER BEFESTIGUNGSPLATTE VA TRUGGY,31.46,EUR,4944925901423
E2580,REAR DAMPER SET,STOßDÄMPFER SET HA,57.458500000000001,EUR,4944925901430
E2581,REAR DAMPER SPRING F1.6 9T,DÄMPFER FEDERN HA 1.6MM / 9T,10.518800000000001,EUR,4944925901447
E2601-1,BEARING (5X10X4) 10PCS.,KUGELLAGER (NMB) (5X10X4) 10 STK,29.3566,EUR,4944925028274
E2601-1a,KUGELLAGER (NMB) (5X10X4) 10 STK,KUGELLAGER (NMB) (5X10X4) 10 STK,29.3566,EUR,4944925046490
E2601,BEARING (5X10X4) 2PCS,KUGELLAGER (NMB) (5X10X4) 2 STK,8.4075000000000006,EUR,4944925028267
E2601a,KUGELLAGER (NMB) (5X10X4) 2 STK,KUGELLAGER (NMB) (5X10X4) 2 STK,7.19,EUR,4944925046483
E2602-1,BEARING (8X16X5)  (MNB) 10PCS.,KUGELLAGER (8X16X5)  (NMB) 10 STK,31.470700000000001,EUR,4944925030796
E2602,BEARING (8X16)  (MNB) 2PCS,KUGELLAGER (8X16) (NMB) 2 STK,7.8135000000000003,EUR,4944925030789
E2603-1,BEARING (6X13x5) (NMB) 10pcs.,KUGELLAGER (6X13x5) (NMB) 10Stk.,31.147500000000001,EUR,4944925040023
E2603,BEARING (6X13x5) (NMB),KUGELLAGER (6X13x5) (NMB),9.1387,EUR,4944925040016
E2702,CLUTCH BELL 13T LIGHT WEIGHT  (also replacement for E0707),KUPPLUNGSGLOCKE 13 Z. EXTRA LEICHT (ersetzt E0707),13.917,EUR,4944925030741
E2703,CLUTCH BELL MGT7,KUPPLUNGSGLOCKE MGT7,14.6365,EUR,4944925031434
E2704,PINION GEAR 18T MGT,MOTOR RITZEL 18 Z. MGT,9.2143999999999995,EUR,4944925031649
E2705,FLY WHEEL 4PIN,SCHWUNGSCHEIBE 4STIFT,11.5341,EUR,4944925033155
E2706,ALUMI. CLUTCH SHOE (4),KUPPLUNGS BELÄGE ALUM. (4),23.261700000000001,EUR,4944925033162
E2707,SPRING FOR 4-PIN CLUTCH 0.8MM,KUPPLUNGS-FEDERN 0.8MM (4),3.0737000000000001,EUR,4944925033179
E2708,SPRING FOR 4-PIN CLUTCH 0.9MM,KUPPLUNGS-FEDERN 0.9MM (4),3.0737000000000001,EUR,4944925033186
E2709,CLUTCH SET 4PIN,"KUPPLUNGS SET / SCHWUNGRAD / 0,8 & 0,9MM FEDERN",35.656799999999997,EUR,4944925033193
E2711,CLUTCH BELL 14T LIGHT WEIGHT,KUPPLUNGSGLOCKE 14Z LEICHT,13.952999999999999,EUR,4944925037375
E2712a,ENGINE MOUNT WASHER,U-SCHEIBE MOTORBOCK,3.6556000000000002,EUR,4944925044502
E2713a,ONE-PIECE ENGINE MOUNT,MOTORBOCK EINTEILIG,37.1633,EUR,4944925044519
E2714,FLY WHEEL 4PIN,SCHWUNGSCHEIBE 4 STIFT,18.418099999999999,EUR,4944925042584
E2715,ENGINE NUT  (4 PIN CLUTCH),KURBELWELLENMUTTER (4 STIFT KUPPLUNG),5.3517999999999999,EUR,4944925042591
E2716,CLUTCH PINS (4),KUPPLUNGS STIFTE (4),8.6570999999999998,EUR,4944925042607
E2717,CARBON CLUTCH SHOE (2),KUPPLUNGS BELÄGE CARBON (2),6.6116999999999999,EUR,4944925042614
E2718,ALUMI. CLUTCH SHOE (2),KUPPLUNGS BELÄGE ALUM. (2),15.1038,EUR,4944925042621
E2719,CLUTCH BELL 13T,KUPPLUNGSGLOCKE 13 Z.,14.0105,EUR,4944925042638
E2720,SPRING FOR 4-PIN CLUTCH 0.9MM,KUPPLUNGS-FEDERN 0.9MM (4),4.7767999999999997,EUR,4944925042645
E2721,SPRING FOR 4-PIN CLUTCH 0.95MM,KUPPLUNGS-FEDERN 0.95MM (4),4.7767999999999997,EUR,4944925042652
E2722,"SPRING FOR 4-PIN CLUTCH 1,0MM","KUPPLUNGS-FEDERN 1,0MM (4)",4.3616000000000001,EUR,4944925042669
E2723,CLUTCH SET 4PIN,KUPPLUNGS SET / SCHWUNGRAD /  FEDERN,64.272199999999998,EUR,4944925042676
E2724,Al. Clutch Shoe 1dot. (4-Shoe) (2pcs) (1 dot mark.),KUPPLUNGS BELÄGE ALUM. (2) (Markierung 1 Punkt),8.2880000000000003,EUR,4944925901164
E2725,Al. Clutch Shoe 1dot. (4-Shoe) (2pcs) (2 dot mark.),KUPPLUNGS BELÄGE ALUM. (2) (Markierung 2 Punkte),8.9039999999999999,EUR,4944925901171
E2802,FUEL GUARD X7,SPRITZSCHUTZ FÜR TANK X7,8.4659999999999993,EUR,4944925026539
E2803a,LINKAGE SET SERVO HORN X7,ANLENKUNG GAS/BREMSE SERVOHORN X7,4.1223999999999998,EUR,4944925044526
E2804a,PIVOT BALL (also replacment for E0826),KUGELKÖPFE (4) (ersetzt auch E0826),7.1406999999999998,EUR,4944925044533
E2805a,LINKAGE SET,ANLENKUNG GAS/BREMSE X7,8.6000999999999994,EUR,4944925044540
E2807,FUEL TANK NIPPLE,TANK DRUCKANSCHLUß,3.5706000000000002,EUR,4944925026577
E2808,ANTENNA PIPE 150 MM,ANTENNENROHR 150MM,2.81,EUR,4944925030901
E2809a,FUEL TANK CAP PULLER,SCHNELLTANK ZUGHEBEL,4.7196999999999996,EUR,4944925044557
E2811,TITANIUM SCREW SET A,SCHRAUBENSET TITAN X7 A,54.818199999999997,EUR,4944925026867
E2812,TITANIUM SCREW SET B,SCHRAUBENSET TITAN X7 B,21.175000000000001,EUR,4944925026874
E2813,TITANIUM STEERING ROD 52,SPURSTANGEN TITAN (52MM) MBX-7,26.795999999999999,EUR,4944925026959
E2815a,ALU. SERVO HORN X7R,ALU. ANLENKUNG GAS/BREMSE SERVOHORN X7R (E2810),17.735499999999998,EUR,4944925044564
E2816a,FUEL TANK MBX7T 150CC,TANK 150CCM MIT SINTERFILTER MBX-7 TRUGGY,17.058399999999999,EUR,4944925044571
E2817,O-RING P2 (10),O-RINGE P2 (10),2.6995,EUR,4944925030413
E2818,FUEL TANK X7R (E2801),TANK 125CCM MIT SINTERFILTER X7R (E2801),18.764099999999999,EUR,4944925030703
E2819,"TITANIUM SCREW SET R ""B""","SCHRAUBENSET TITAN X7 R ""B""",23.3368,EUR,4944925030888
E2820,STEEL SCREW SET R,SCHRAUBENSET STAHL X7 R,27.098199999999999,EUR,4944925031199
E2821,TITANIUM SCREW SET A,"SCHRAUBENSET TITAN ""A""",78.836100000000002,EUR,4944925037504
E2822,TITANIUM SCREW SET B,"SCHRAUBENSET TITAN ""B""",28.667899999999999,EUR,4944925037511
E2823,REAR ROD ENDS,REAR ROD ENDS,3.6976,EUR,4944925042683
E2824,FUEL TANK PARTS,FUEL TANK PARTS,5.1086999999999998,EUR,4944925042690
E2825,GUARD SET,GUARD SET,8.5040999999999993,EUR,4944925042706
E2826,BRAKE SPRINGS,BRAKE SPRINGS,3.7273000000000001,EUR,4944925042713
E2827,FUEL TANK,TANK 125CCM MIT SINTERFILTER,21.145299999999999,EUR,4944925042720
E2828,BATTERY STRAP SET,BEFESTIGUNGSBAND AKKU,6.9574999999999996,EUR,494492504636
E2829,Fuel Tank Guard Plate,Fuel Tank Guard Plate,11.275,EUR,4944925902826
FP18401,"MIP Bypass1 Pistons, 6-Hole, 16mm (2pcs)","MIP Bypass1 Pistons, 6-Hole, 16mm (2pcs)",14.705,EUR
FP18411,"MIP Bypass1 Pistons, 8-Hole, 16mm (2pcs)","MIP Bypass1 Pistons, 8-Hole, 16mm (2pcs)",14.705,EUR
FP2117-1,FP 17MM MAGNETIC WHEEL WRENCH / WHEEL NUT (4PCS),FP 17MM MAGNETIC WHEEL WRENCH / WHEEL NUT (4PCS),25.431999999999999,EUR
FP2120,FP 23T ALUMINIUM SERVO HORN SANWA/KO,FP 23T ALUMINIUM SERVO HORN SANWA/KO,4.4710000000000001,EUR
FP2121,FP 25T ALUMINIUM SERVO HORN FUTABA/HITEC,FP 25T ALUMINIUM SERVO HORN FUTABA/HITEC,4.4710000000000001,EUR
FP2123,FP 5-HOLE BRASS PISTONS 1.45MM (4PCS),FP 5-HOLE BRASS PISTONS 1.45MM (4PCS),20.242999999999999,EUR
FP2155,BODY X8R TRUGGY,KAROSSERIE  X8R TRUGGY,37.4,EUR,4944925901331
FP23400,"MIP Bypass1 Hi-Flow Pistons, 6-Hole x 1.3mm Set, 16mm, 1/8th Scale","MIP Bypass1 Hi-Flow Pistons, 6-Hole x 1.3mm Set, 16mm, 1/8th Scale",39.9435,EUR
FP23402,"MIP Bypass1 Hi-Flow Pistons, 6-Hole x 1.3mm, 16mm, 1/8th","MIP Bypass1 Hi-Flow Pistons, 6-Hole x 1.3mm, 16mm, 1/8th",14.705,EUR
FP23403,"MIP Bypass1 Hi-Flow Pistons, 8-Hole x 1.2mm, 16mm, 1/8th","MIP Bypass1 Hi-Flow Pistons, 8-Hole x 1.2mm, 16mm, 1/8th",14.705,EUR
H0078,MRX-4 R DECAL,DEKORBOGEN MRX-4 R,8.0215999999999994,EUR,4944925005121
H0087,MRX-4X DECAL,DEKORBOGEN MRX-4X,4.1294000000000004,EUR,4944925016967
H0088,MRX-4X DECAL (3),DEKORBOGEN MRX-4X (3),10.898400000000001,EUR,4944925016974
H0104L,FRONT LOWER SHAFT,DREHACHSEN QUERLENKER VA UNTEN,5.7118000000000002,EUR,4944925240805
H0107-1,FRONT STABILIZER BAR,"STABILISATOR VA, METALLTEILE",17.998799999999999,EUR,4944925240171
H0133,BRAKE BRACKET,FÜHRUNGSPLATTE BREMSEXENTER MRX-4,11.5311,EUR,4944925010323
H0134,REAR LOWER ARM MOUNT,QUERLENKERBEFESTIGUNG HA UNTEN MRX-4,9.7797000000000001,EUR,4944925010330
H0135,FRONT UPPER ARM,QUERLENKER VA OBEN MRX-4,10.45,EUR,4944925010347
H0136-B,REAR UPPER ARM MRX-4X,QUERLENKER HA OBEN MRX-4X,8.0387000000000004,EUR,4944925016707
H0136,REAR UPPER ARM,QUERLENKER HA OBEN MRX-4,7.9581999999999997,EUR,4944925010354
H0137,FRONT LOWER ARM,QUERLENKER VA UNTEN MRX-4,7.7168000000000001,EUR,4944925010361
H0140-B,REAR UPRIGHT MRX-4X,ACHSSCHENKEL HA MRX-4X,6.9131999999999998,EUR,4944925016714
H0140,REAR UPRIGHT,ACHSSCHENKEL HA MRX-4,5.1043000000000003,EUR,4944925010392
H0141,FRONT ANTI-ROLL BAR HOLDER,STABILISATOR HALTER VA MRX-4,4.5693999999999999,EUR,4944925010408
H0142-B,RADIO PLATE MOUNT,RADIOPLATTENHALTER MRX-5,4.3300999999999998,EUR,4944925021589
H0142,RADIO PLATE MOUNT,RADIOPLATTENHALTER MRX-4,4.0385,EUR,4944925010415
H0143,MIDDLE SHAFT BRACKET,LAGERBOCK FÜR MITTELWELLE MRX-4,3.9788000000000001,EUR,4944925010422
H0144,KING PIN BALL CUP,DISTANZSCHEIBEN FÜR D0206/D0105R (8+2) MRX-4,4.6707999999999998,EUR,4944925010439
H0145,ADJ NUT,"EINSTELLMUTTERN FÜR  LENKHEBEL MRX-4, MTX 4",2.6930000000000001,EUR,4944925010446
H0146,SUS. ARM SPACER MRX-4,DISTANZCLIPS UND SCHEIBEN (12+4) VA FÜR MRX-4,4.3788,EUR,4944925011085
H0147,REAR NEW UPPER ARM SET,QUERLENKERSET HA OBEN MRX4,13.7057,EUR,4944925011092
H0148-B,FRONT BULKHEAD MRX-4X,ACHSBÖCKE VA MRX-4X,9.9423999999999992,EUR,4944925016721
H0148,"FRONT BULKHEAD ""WC05""","ACHSBÖCKE VA ""WM05"" MRX-4",10.8499,EUR,4944925012532
H0149-B,REAR BULKHEAD MRX-4X,ACHSBÖCKE HA MRX-4X,11.8041,EUR,4944925016738
H0149,"REAR BULKHEAD ""WC05""","ACHSBÖCKE HA ""WM05"" MRX-4",9.6335999999999995,EUR,4944925012549
H0158,FRONT UPRIGHT,LENKHEBEL VA,7.0652999999999997,EUR,4944925801587
H0161,FRONT UPPER SHAFT,DREHACHSEN QUERLENKER VA OBEN,3.6383000000000001,EUR,4944925801617
H0163,REAR STABILIZER,STABILISATOR HA,9.5365000000000002,EUR,4944925801631
H0164,ROLLBAR,ÜBERROLLBÜGEL,11.2536,EUR,4944925801648
H0175,UPPER ARM,QUERLENKER VA/HA OBEN (4),13.8264,EUR,4944925002298
H0177,FRONT LOWER ARM,QUERLENKER VA UNTEN,6.3102,EUR,4944925002304
H0179,REAR UPRIGHT,ACHSSCHENKEL HA,6.3102,EUR,4944925002328
H0180a,REAR UPRIGHT BALL,KUGELKOPF FÜR QUERLENKERBEFESTIGUNG,3.6775000000000002,EUR,4944925045370
H0181,REAR UPRIGHT SPACER,DISTANZSCHEIBEN SET FÜR H0180 (2+4),2.1153,EUR,4944925002342
H0181A-Ga,3MM SPACER (0.5MM) 8PCS,"DISTANZSCHEIBEN SET 3MM, STÄRKE 0.5MM (8STK.) ELOX",5.6271000000000004,EUR,4944925045387
H0181B-Ga,3MM SPACER (1.0MM) 8PCS,"DISTANZSCHEIBEN SET 3MM, STÄRKE 1.0MM (8STK.) ELOX",5.6271000000000004,EUR,4944925045394
H0181C-Ga,3MM SPACER (2.0MM) 8PCS,"DISTANZSCHEIBEN SET 3MM, STÄRKE 2.0MM (8STK.) ELOX",5.8383000000000003,EUR,4944925045400
H0181D-Ga,3MM SPACER (3.0MM) 8PCS,"DISTANZSCHEIBEN SET 3MM, STÄRKE 3.0MM (8STK.) ELOX",6.05,EUR,4944925045417
H0185,REAR ADJUSTABLE ANTI-ROLL BAR SET,"STABILISATOR SET, EINSTELLBAR",45.738,EUR,4944925003059
H0186,REAR ADJUSTABLE ANTI-ROLL BAR,STABISCHWERTER FÜR H0185,24.918800000000001,EUR,4944925003066
H0187-2,TITANIUM KING PIN BALL (6),KUGELBOLZEN 8MM TITAN (6),56.116900000000001,EUR,4944925025013
H0187,TITANIUM KING PIN BALL,KUGELBOLZEN 8MM TITAN,39.625300000000003,EUR,4944925003417
H0188,EXCENTRIC HUB MRX-4X,EXZENTERAUFNAHMEN MRX-4X,4.3788,EUR,4944925016745
H0189,INNER SPACER FOR REAR UPRIGHT MRX-4X,DISTANZSCHEIBEN FÜR H0140-B INNEN (4) MRX-4X,3.9384999999999999,EUR,4944925016752
H0190,BRAKE BRACKET MRX-4X,FÜHRUNGSPLATTE BREMSEXENTER MRX-4X,9.6437000000000008,EUR,4944925016769
H0191,REAR LOWER ARM MOUNT MRX-4X,QUERLENKERBEFESTIGUNG HA UNTEN MRX-4X,11.677099999999999,EUR,4944925016776
H0205,HUB FOR PULLEY,RIEMENRADAUFNAHME,5.9889000000000001,EUR,4944925802058
H0208,FRONT AXLE SHAFT,RADACHSEN VA,9.7139000000000006,EUR,4944925802089
H0222,REAR AXLE SHAFT,RADACHSEN HA,10.9322,EUR,4944925802225
H0240a,REAR BELT,ZAHNRIEMEN HA,9.4499999999999993,EUR,4944925901232
H0242,BELT TENSIONER,ZAHNRIEMENSPANNER-SET,8.6713000000000005,EUR,4944925802423
H0247,BELT L (RUBBER) 6MM MRX,"ZAHNRIEMEN MITTE (LEICHTLAUF) 6MM LANG, MRX",9.9275000000000002,EUR,4944925000843
H0252,FRONT ONE-WAY DRIVE SHAFT,VORDERACHSWELLE MIT SPERRLAGERN,20.5411,EUR,4944925802522
H0253,FRONT HALF SHAFT,ANTRIEBSWELLEN VA,7.8183999999999996,EUR,4944925802539
H0254,AXLE WASHER FOR INNER DRIVE JOINT,DISTANZSCHEIBEN FÜR D0206/D0105R (4+8),3.6002000000000001,EUR,4944925802546
H0255,PULLEY / BRAKE ADAPTOR,RIEMENRADAUFNAHME/BREMSE,10.248799999999999,EUR,4944925802553
H0256,2 SPEED SHAFT,GETRIEBEWELLE,5.5506000000000002,EUR,4944925802560
H0257,2 SPEED ADAPTOR,ADAPTER FÜR 2-GANG GETRIEBE,12.3878,EUR,4944925802577
H0262,1ST SPEED GEAR 50T,ZAHNRAD 50 ZÄHNE 1.GANG,3.4902000000000002,EUR,4944925802621
H0263,1ST SPEED GEAR 49T,ZAHNRAD 49 ZÄHNE 1.GANG,4.4212999999999996,EUR,4944925802638
H0264,1ST SPEED GEAR 48T,ZAHNRAD 48 ZÄHNE 1.GANG,4.0487000000000002,EUR,4944925802645
H0265,2ND SPEED GEAR 47T,ZAHNRAD 47 ZÄHNE 2.GANG,4.6536999999999997,EUR,4944925802652
H0266,2ND SPEED GEAR 46T,ZAHNRAD 46 ZÄHNE 2.GANG,4.0021000000000004,EUR,4944925802669
H0267,2ND SPEED GEAR 45T,ZAHNRAD 45 ZÄHNE 2.GANG,4.3281999999999998,EUR,4944925802676
H0268,AXLE WASHER,DISTANZSCHEIBEN RADACHSE (4),3.2021000000000002,EUR,4944925802683
H0269,TITANIUM MIDDLE SHAFT,MITTELWELLE TITAN,18.412199999999999,EUR,4944925003431
H0270,FRONT UNIVERSAL JOINT SET,ANTRIEBSWELLEN MIT KARDANGELENK VA,48.433900000000001,EUR,4944925004117
H0271,FRONT AXLE SHAFT FOR UNIVERSAL JOINT,RADACHSE MIT GELENKKAPPE VA AUS H0270,14.7233,EUR,4944925005039
H0272-B,FRONT DRIVE SHAFT,ANTRIEBSWELLEN VA,20.363600000000002,EUR,4944925039867
H0272-Ba,ANTRIEBSWELLEN VA,ANTRIEBSWELLEN VA,20.363600000000002,EUR
H0272,FRONT DRIVE SHAFT FOR UNIVERSAL JOINT,ANTRIEBSWELLEN VA AUS H0270,23.116700000000002,EUR,4944925005046
H0273,JOINT SHAFT FOR UNIVERSAL JOINT,GELENKSTÜCK AUS H0270,2.4293,EUR,4944925005053
H0273a,GELENKSTÜCK AUS H0270,GELENKSTÜCK AUS H0270,2.4293,EUR
H0274,ROLLER PIN (B2.5X11.8),STIFT 2.5 X 11.8 FÜR GELENKSTÜCK,3.1181999999999999,EUR,4944925005060
H0275,FRONT WHEEL CHANGE LEVER,SCHNELLWECHSELHEBEL VA AUS H0270,7.5564,EUR,4944925005077
H0277,REAR AXLE SHAFT FOR UNIVERSAL JOINT,RADACHSE MIT GELENKKAPPE HA AUS H0276,16.550599999999999,EUR,4944925005084
H0279,REAR WHEEL CHANGE LEVER,SCHNELLWECHSELHEBEL HA AUS H0276,9.8068000000000008,EUR,4944925005114
H0280,PULLEY SET,RIEMENRAD-SET MRX-4,11.2033,EUR,4944925010453
H0281,1ST SPEED GEAR 48T,ZAHNRAD 48 ZÄHNE 1.GANG MRX-4,3.8628999999999998,EUR,4944925010460
H0282,1ST SPEED GEAR 49T,ZAHNRAD 49 ZÄHNE 1.GANG MRX-4,4.0487000000000002,EUR,4944925010477
H0283,1ST SPEED GEAR 50T,ZAHNRAD 50 ZÄHNE 1.GANG MRX-4,4.0487000000000002,EUR,4944925010484
H0284-B,2ND SPEED GEAR 45T,ZAHNRAD 45 ZÄHNE 2.GANG MRX-6,3.4902000000000002,EUR,4944925032967
H0285-B,2ND SPEED GEAR 46T,ZAHNRAD 46 ZÄHNE 2.GANG MRX-6,4.0952000000000002,EUR,4944925032950
H0286-B,2ND SPEED GEAR 47T,ZAHNRAD 47 ZÄHNE 2.GANG MRX-6,4.0021000000000004,EUR,4944925032943
H0287,SHOE FOR 2 SPEED GEAR BOX,BELÄGE FÜR 2-GANG GETRIEBE MRX-4,6.5685000000000002,EUR,4944925010521
H0288,1ST GEAR HOUSING,ZAHNRADAUFNAHME 1.GANG,27.618400000000001,EUR,4944925010538
H0289,2ND GEAR HOUSING,ZAHNRADAUFNAHME 2.GANG MRX-4,14.5837,EUR,4944925010545
H0290,SOLID REAR AXLE,STARRACHSE MRX-4,8.2245000000000008,EUR,4944925010552
H0291,REAR HALF SHAFT,ANTRIEBSWELLEN HA STD. MRX-4,6.9722,EUR,4944925010569
H0292,BELT TENSIONER PLATE,BEFESTIGUNGSPLATTE RIEMENSPANNER MRX-4,7.48,EUR,4944925010057
H0293,BELT TENSIONER SHAFT,AUFNAHME RIEMENSPANNER FÜR H0603,4.2202000000000002,EUR,4944925010576
H0295,SPRING FOR 2 SPEED GEAR BOX,FEDERN UND ZUBEHÖR FÜR H0287,4.7850000000000001,EUR,4944925010583
H0296,REAR UNIVERSAL JOINT SET MRX-4,"ANTRIEBSWELLEN MIT KARDANGELENK HA, MRX-4R",41.461599999999997,EUR,4944925015731
H0297,REAR DRIVE SHAFT FOR UNIVERSAL JOINT (H0296),ANTRIEBSWELLEN HA AUS H0296,24.5045,EUR,4944925015748
H0353,BRAKE CAM,BREMSEXENTER,3.6575000000000002,EUR,4944925803536
H0354,BRAKE PLATE,BREMSPLATTEN,3.0184000000000002,EUR,4944925803543
H0355,BRAKE PAD,BREMSBELÄGE,2.2831000000000001,EUR,4944925803550
H0359,PTFE BRAKE PAD,BREMSBELÄGE PTFE,13.3116,EUR,4944925803598
H0362,SERVO MOUNT PARTS,SERVO-BEFESTIGUNGS SET,11.5311,EUR,4944925002380
H0364,SERVO SAVER ARM,SERVO SAVER KUNSTSTOFFTEILE,7.5305999999999997,EUR,4944925002403
H0365,SERVO SAVER SHAFT,SERVO SAVER DREHACHSE,4.7427000000000001,EUR,4944925002410
H0366,SERVO SAVER PIPE,SERVO SAVER FEDERAUFNAHME,7.4759000000000002,EUR,4944925002427
H0367,SERVO SAVER SPRING,SERVO SAVER FEDER,4.6032999999999999,EUR,4944925002434
H0368,GROMMET,GUMMITÜLLE (10),3.6488999999999998,EUR,4944925002441
H0369,BRAKE DISC OPTIONAL,BREMSSCHEIBE EINTEILIG,43.986600000000003,EUR,4944925004100
H0370,RADIO PLATE,RADIOPLATTE CARBON MRX-4,49.28,EUR,4944925010064
H0371,TH SERVO MOUNT PARTS,GAS-SERVO-BEFESTIGUNGS SET MRX-4,9.5241000000000007,EUR,4944925010590
H0372,SERVO SAVER ARM,SERVO SAVER KUNSTSTOFFTEILE MRX-4,5.2041000000000004,EUR,4944925010606
H0373,RADIO MOUNT PARTS,AKKU/EMPFÄNGER/TRANSPONDER-HALTER MRX4,10.619400000000001,EUR,4944925010613
H0374,BATTERY HOLDER FRP MRX-4X,AKKU-HALTER EPOXY MRX-4X,30.021599999999999,EUR,4944925016783
H0375,BATTERY HOLDER CFRP MRX-4X,AKKU-HALTER CARBON MRX-4X,34.590600000000002,EUR,4944925016790
H0463,FRONT BUMPER,RAMMSCHUTZ,9.2439999999999998,EUR,4944925002472
H0465,FRONT BODY MOUNT,KAROSS.BEFEST.PLATTE/HALTER VA MRX-4,8.7152999999999992,EUR,4944925010620
H0466-C,REAR BODY MOUNT,HECKBRÜCKE (KUNSTSTOFFTEILE) MRX-5,11.5077,EUR,4944925021596
H0466-H,REAR BODY MOUNT HARD,HECKBRÜCKE (KUNSTSTOFFTEILE HART) MRX-5,10.655099999999999,EUR,4944925023224
H0466,REAR BODY MOUNT,HECKBRÜCKE (KUNSTSTOFFTEILE) MRX-4,12.692399999999999,EUR,4944925010637
H0468,REAR BODY MOUNT CENTERING SHAFT,FÜHRUNGSHÜLSE FÜR HECKBRÜCKE MRX-4,3.9788000000000001,EUR,4944925010644
H0469a,REAR BODY MOUNT ARM SHAFT,DREHACHSE FÜR HECKBRÜCKE MRX-4,2.9338000000000002,EUR,4944925045424
H0470a,REAR BODY MOUNT ARM STOPPER,ANSCHLAGHÜLSE FÜR HECKBRÜCKE MRX-4,2.3313999999999999,EUR,4944925045431
H0471,REAR BODY MOUNT ARM PIN,BEFESTIGUNGSSCHRAUBEN (4) MRX-4/MBX-6T,2.387,EUR,4944925010675
H0473,FRONT BODY MOUNT CFRP,KAROSSERIEBEFESTIGUNGSPLATTE VA CARBON MRX-4,23.76,EUR,4944925010989
H0474,CHASSIS MRX-4 HARD,"CHASSIS MRX-4, HART",100.7347,EUR,4944925011108
H0475,CHASSIS MRX-4X,CHASSIS MRX-4X,68.728800000000007,EUR,4944925016820
H0510a,DAMPER PISTON PTFE,DÄMPFER-KOLBEN PTFE (2+2),9.4623000000000008,EUR,4944925045448
H0511,FRONT SPRING 1.9 (BLACK),DÄMPFER-FEDERN VA SCHWARZ,7.0061999999999998,EUR,4944925805110
H0513,SPRING ADJUSTER,DÄMPFER-EINSTELLMUTTERN FÜR FEDERN,9.9129000000000005,EUR,4944925805134
H0515a,DÄMPFER-FEDERN VA 1.8,DÄMPFER-FEDERN VA 1.8,9.86,EUR,4944925901317
H0516,FRONT SPRING 2.0 (BLUE),DÄMPFER-FEDERN VA 2.0 BLAU,7.6155999999999997,EUR,4944925805165
H0523,FRONT SPRING 1.6 (PURPLE),DÄMPFER-FEDERN VA SUPERSOFT PURPLE,8.8338000000000001,EUR,4944925805233
H0524,FRONT SPRING 1.7 (LIGHT BLUE),DÄMPFER-FEDERN VA SOFT HELLBLAU,8.8338000000000001,EUR,4944925805240
H0525a,DÄMPFER-FEDERN VA MITTEL (1.8mm / 6.0T),DÄMPFER-FEDERN VA MITTEL (1.8mm / 6.0T),8.8338000000000001,EUR,4944925901591
H0526a,FRONT SPRING 1.9,DÄMPFER-FEDERN VA HART,8.8338000000000001,EUR,494492590322
H0527,REAR SPRING 1.6 (PURPLE),DÄMPFER-FEDERN HA SUPERSOFT PURPLE,8.8338000000000001,EUR,4944925805271
H0528,REAR SPRING 1.7 (LIGHT BLUE),DÄMPFER-FEDERN HA SOFT HELLBLAU,8.8338000000000001,EUR,4944925805288
H0528a,REAR SPRING 1.7 soft,DÄMPFER-FEDERN HA SOFT,8.8338000000000001,EUR,4944925912795
H0529,REAR SPRING 1.8 (GREY),DÄMPFER-FEDERN HA MITTEL GRAU,8.8338000000000001,EUR,4944925805295
H0529a,REAR SPRING 1.8,DÄMPFER-FEDERN HA MITTEL,8.8338000000000001,EUR,494492580529
H0530a,REAR SPRING 1.9,DÄMPFER-FEDERN HA HART,8.8338000000000001,EUR,494492590323
H0533,FRONT SPRING 1.8 (BLUE),DÄMPFER-FEDERN VA BLAU 1.8  MTX,10.3569,EUR,4944925008627
H0554,DAMPER CAP,DÄMPFER VERSCHLUßKAPPEN,4.6074999999999999,EUR,4944925002502
H0558,1.2 X 1 DAMPER PISTON (2) FOR MRX-3 FRONT DAMPER,DÄMPFER KOLBEN 1.2 X 1 MRX VA,5.2864000000000004,EUR,4944925003745
H0559,1.3 X 1 DAMPER PISTON (2) FOR MRX-3 FRONT DAMPER,DÄMPFER KOLBEN 1.3 X 1 MRX VA,5.2864000000000004,EUR,4944925003752
H0560,FRONT DAMPER STAY MRX-4 / X,DÄMPFER BEFESTIGUNGSPLATTE  VA MRX-4 UND MRX-4X,10.187799999999999,EUR,4944925010088
H0561,REAR DAMPER STAY MRX-4 / X,DÄMPFER BEFESTIGUNGSPLATTE  HA MRX-4 UND MRX-4X,10.7967,EUR,4944925010095
H0562,DAMPER CASE,DÄMPFER GEHÄUSE MRX-4,22.160699999999999,EUR,4944925010699
H0563,OIL SEAL CAP,DÄMPFER STAUBSCHUTZKAPPE MRX-4,5.6313000000000004,EUR,4944925010705
H0564,DAMPER SET,STOßDÄMPFER SET MRX-4,39.270000000000003,EUR,4944925010712
H0565,DAMPER CAP PARTS,DÄMPFER KUNSTSTOFFTEILE,6.4223999999999997,EUR,4944925010729
H0566,"FRONT DAMPER STAY ""WC05""","DÄMPFER BEFESTIGUNGSPLATTE VA MRX-4 ""WM05""",10.1539,EUR,4944925012570
H0567,"REAR DAMPER STAY ""WC05""","DÄMPFER BEFESTIGUNGSPLATTE HA MRX-4 ""WM05""",10.7294,EUR,4944925012587
H0571,DAMPER PLASTIC PARTS MRX-4X / MTX-5,DÄMPFER KUNSTSTOFFTEILE MRX-4X / MTX-5,7.8334999999999999,EUR,4944925016844
H0603,FLANGE B.B. FOR BELT TENSIONER,KUGELLAGER FÜR RIEMENSPANNER,9.1844000000000001,EUR,4944925806032
H0603a,KUGELLAGER FÜR RIEMENSPANNER,KUGELLAGER FÜR RIEMENSPANNER,9.1844000000000001,EUR,4944925046636
H0608,BEARINGS FOR 2ND GEAR HOUSING,KUGELLAGER FÜR H0260,11.1488,EUR,4944925806087
H0704,ENGINE NUT,KURBELWELLENMUTTER,4.2697000000000003,EUR,4944925807046
H0707,CLUTCH SHOE,KUPPLUNGS-BELAG,6.9684999999999997,EUR,4944925807077
H0710,CLUTCH BELL,KUPPLUNGS-GLOCKE,10.321,EUR,4944925807107
H0721,PRESSURE PLATE,KUPPLUNGS-DRUCKPLATTE,14.023899999999999,EUR,4944925807213
H0751,FLYWHEEL,SCHWUNGSCHEIBE,17.2194,EUR,4944925807510
H0752,CENTRIFUGAL SHOE,KUPPLUNGS-FLIEHGEWICHTE,3.851,EUR,4944925807527
H0753,SPRING CUP,KUPPLUNGS-FEDERTELLER,1.8160000000000001,EUR,4944925807534
H0755,ADJ NUT,KUPPLUNGS-EINSTELLMUTTER,3.9016999999999999,EUR,4944925807558
H0756,STOPPER COLLAR,DRUCKLAGERAUFNAHME MIT SCHEIBEN,3.1932999999999998,EUR,4944925807565
H0759,1ST SPEED GEAR 18T,RITZEL 18 ZÄHNE 1.GANG,10.0525,EUR,4944925807596
H0760,2ND SPEED GEAR 19T,RITZEL 19 ZÄHNE 2.GANG,8.9700000000000006,EUR,4944925807602
H0764,CLUTCH SPRING HARD,KUPPLUNGS-FEDER HART,5.2458999999999998,EUR,4944925807640
H0765,CLUTCH SHOE GREY,KUPPLUNGS-BELAG GRAU,7.2382,EUR,4944925807657
H0766,LIGHT WEIGHT CENTRIFUGAL SHOE,KUPPLUNGS-FLIEHGEWICHTE LEICHT,7.7016999999999998,EUR,4944925807664
H0767,CLUTCH SPRING SUPER HARD,KUPPLUNGS-FEDER SUPER HART,3.85,EUR,4944925000652
H0769,CLUTCH SHOE RED,KUPPLUNGS-BELAG ROT,24.101099999999999,EUR,4944925008283
H0770,ENGINE MOUNT,MOTORBÖCKE MRX-4,23.4894,EUR,4944925010736
H0770a,MOTORBÖCKE MRX-4,MOTORBÖCKE MRX-4,23.4894,EUR
H0771,CLUTCH SET SYNTEC,KUPPLUNGSKIT SYNTEC MRX-4,51.826799999999999,EUR,4944925010743
H0772,ONE-PIECE ENGINE MOUNT MRX-4,MOTORBOCK EINTEILIG MRX-4,47.452199999999998,EUR,4944925011115
H0773,CLUTCH SHOE YELLOW,KUPPLUNGS-BELAG GELB,7.4303999999999997,EUR,4944925012785
H0776,AL. PRESSURE PLATE,KUPPLUNGS DRUCKPLATTE ALUMINIUM,9.6113,EUR,4944925016912
H0777,CLUTCH BELL,KUPPLUNGSGLOCKE MRX-4X,11.6875,EUR,4944925016929
H0778,FLY WHEEL,SCHWUNGSCHEIBE MRX-4X,15.434699999999999,EUR,4944925016936
H0779,CLUTCH SHOE (YELLOW),KUPPLUNGS BELAG GELB MRX-4X,6.3522999999999996,EUR,4944925016943
H0801A,STEERING ROD,SPURSTANGEN MRX-4,5.3688000000000002,EUR,4944925010750
H0802,ENGINE CONTROL LINKAGE,ANLENKUNG GAS/BREMSE,8.2804000000000002,EUR,4944925808029
H0851,E-RING SET,E-RINGE,2.6135999999999999,EUR,4944925408519
H0852,SNAP RING SET,SEEGER/C-RINGE,4.7850000000000001,EUR,4944925408526
H0853,ROLLER PIN 3 X 11.6MM,STIFTE 3X11.6MM,3.5834000000000001,EUR,4944925408533
H0854,ROLLER PIN SET,STIFTE KOMPLETT,4.5145,EUR,4944925408540
H0855a,BALL LINK 6MM,KUGELPFANNEN,4.7382999999999997,EUR,4944925045455
H0856,STABILIZER LINK BALL,KUGELKÖPFE STABILISATOR HA,4.8567999999999998,EUR,4944925408564
H0857,TURN BUCKLE ROD (22MM),EINSTELLGESTÄNGE RE/LI  (22MM),4.4169,EUR,4944925002540
H0858,BALL LINK 6MM (S),KUGELPFANNEN 6MM (10),6.1302000000000003,EUR,4944925002557
H0860,DAMPER END BALL,DÄMPFER BEFESTIGUNG (KUGELKÖPFE) (4),4.2325999999999997,EUR,4944925002571
H0862,TITANIUM STEERING ROD,SPURSTANGEN TITAN,23.4175,EUR,4944925003448
H0864-Ba,FUEL TANK CAP,TANKDECKEL MIT AUSGLEICH 2013,6.5685000000000002,EUR,4944925045462
H0866,FUEL TANK FOR MRX-4,TANK 125CCM MRX-4,15.8147,EUR,4944925010767
H0869,TITANIUM SCREW SET B MRX-4,SCHRAUBENSET TITAN UNTEN MRX-4,30.1782,EUR,4944925010187
H1006/1b,REAR SPOILER ADJ SCREW NEW 2012,HECKFLÜGEL-EINSTELLSCHRAUBEN 2012,6.3737000000000004,EUR,4944925045486
H1006b,REAR SPOILER ADJ SCREW,HECKFLÜGEL-EINSTELLSCHRAUBEN,6.3737000000000004,EUR,4944925045479
H1009,BODY STIFFENER,KAROSSERIE-VERSTEIFUNGSWINKEL  (4),14.5878,EUR,4944925000546
H1010-1,REAR SPOLER SET NEW 2012,HECKFLÜGEL MIT ZUBEHÖR NEW 2012,11.1694,EUR,4944925025730
H1010,REAR SPOLER SET,HECKFLÜGEL MIT ZUBEHÖR,11.1694,EUR,4944925000751
H1011,REAR SPOILER,HECKFLÜGEL,6.2615999999999996,EUR,4944925000973
H1019,INSTRUCTION MANUAL MRX-6,BAUANLEITUNG MRX-6,3.1537999999999999,EUR,4944925032431
H1020,DECAL MRX-6,DEKORBOGEN MRX-6,5.7538999999999998,EUR,4944925032448
H1021,INSTRUCTION MANUAL MRX-6R,BAUANLEITUNG MRX-6R,3.6154000000000002,EUR,4944925037689
H2002,INSTRUCTION MANUAL MRX-5,BAUANLEITUNG MRX-5,3.1383999999999999,EUR,4944925022388
H2003,DECAL MRX-5,DEKORBOGEN MRX-5,3.0461,EUR,4944925022395
H2004,DECAL METALLIC MRX-5 (3),DEKORBOGEN SILBER MRX-5 (3),9.3415999999999997,EUR,4944925022401
H2101L,FRONT UPPER BULKHEAD LEFT,ACHSBOCK VA OBEN LINKS MRX-5,8.4149999999999991,EUR,4944925021602
H2101R,FRONT UPPER BULKHEAD RIGHT,ACHSBOCK VA OBEN RECHTS MRX-5,8.3388000000000009,EUR,4944925021619
H2102,FRONT BULKHEAD,ACHSBOCK VA MRX-5,41.046900000000001,EUR,4944925021626
H2103,REAR BULKHEAD MRX-5,ACHSBOCK HA MRX-5,36.782499999999999,EUR,4944925021633
H2104L,REAR UPPER BULKHEAD LEFT,ACHSBOCK HA OBEN LINKS MRX-5,9.0625,EUR,4944925021640
H2104R,REAR UPPER BULKHEAD RIGHT,ACHSBOCK HA OBEN RECHTS MRX-5,8.7194000000000003,EUR,4944925021657
H2105a,FRONT LOWER ARM SHAFT,DREHACHSEN QUERLENKER VA UNTEN MRX-5,4.1040999999999999,EUR,4944925045493
H2106a,FRONT UPPER ARM SHAFT,DREHACHSEN QUERLENKER VA OBEN  MRX-5,3.5118,EUR,4944925045509
H2107,MIDDLE SHAFT BRACKET,LAGERBOCK FÜR MITTELWELLE MRX-5,19.038699999999999,EUR,4944925021688
H2108-B,REAR LOWER ARM MOUNT A  WC-SPEC,QUERLENKERBEFESTIGUNG HA UNTEN A MRX-5 WC-SPEC,17.6675,EUR,4944925028144
H2108,REAR LOWER ARM MOUNT A,QUERLENKERBEFESTIGUNG HA UNTEN A MRX-5,15.230700000000001,EUR,4944925021695
H2109-B,REAR LOWER ARM MOUNT B  WC-SPEC,QUERLENKERBEFESTIGUNG HA UNTEN B MRX-5 WC-SPEC,13.936199999999999,EUR,4944925028151
H2109,REAR LOWER ARM MOUNT B,QUERLENKERBEFESTIGUNG HA UNTEN B MRX-5,15.6113,EUR,4944925021701
H2110,2-SPEED SHAFT BRACKET,LAGERBOCK FÜR GETRIEBEWELLE MRX-5,8.7194000000000003,EUR,4944925021718
H2111,FRONT UPRIGHT UPPER PLATE A,LENKHEBELBEFESTIGUNG A OBEN MRX5,12.87,EUR,4944925021725
H2112,FRONT UPRIGHT ARM,ANLENKUNGSHEBEL FÜR LENKHEBEL MRX-5,7.4122000000000003,EUR,4944925021732
H2113,REAR UPPER ARM HOLDER A,QUERLENKERBEFESTIGUNG HA OBEN A MRX-5,13.1661,EUR,4944925021749
H2114,REAR UPPER ARM HOLDER B,QUERLENKERBEFESTIGUNG HA OBEN B MRX-5,12.4894,EUR,4944925021756
H2115a,REAR LOWER DAMPER STAY,ANLENKUNGSHEBEL FÜR STOßDÄMPFER HA MRX-5/MTX-5,6.5660999999999996,EUR,4944925045516
H2116,ANTI-ROLL BAR STOPPER,STABILISATORBEGRENZUNG HA MRX-5,8.5611999999999995,EUR,4944925021770
H2117,REAR ANTI-ROLL BAR 3MM,STABILISATOR HA 3MM,4.5606999999999998,EUR,4944925021787
H2118-B,FRONT SUS. ARM NEW 2011,QUERLENKER VA OBEN UND UNTEN (1+1) MRX-5 NEU,12.057700000000001,EUR,4944925023514
H2118-D,FRONT SUS. ARM,QUERLENKER VA OBEN UND UNTEN (1+1),12.338800000000001,EUR,4944925032936
H2119B-B,FRONT UPPER ARM LINK MRX/MTX-6 (10PCS) (H2119B),QUERLENKERBEFESTIGUNG VA OBEN MRX/MTX-6 (10STK) (H2119B),5.1193999999999997,EUR,4944925033704
H2119B,FRONT UPPER ARM LINK MRX-5 NEW 2011,QUERLENKERBEFESTIGUNG VA OBEN MRX-5 NEW 2011,5.6271000000000004,EUR,4944925024375
H2120,FRONT SUS. ARM,QUERLENKER VA OBEN UND UNTEN (1+1) MRX-5 (H2118),0
H2121,FRONT UPRIGHT,LENKHEBEL MRX,3.9386000000000001,EUR,4944925021800
H2122-B,REAR SUS. ARM,QUERLENKER HA OBEN UND UNTEN  (1+1) MRX-5 2014,7.2747999999999999,EUR,4944925030895
H2123-C,REAR SUS. ARM MRX-6 (1 PCS),QUERLENKER HA UNTEN  (1) MRX-6,8.36,EUR,4944925032929
H2124-Ba,REAR UPRIGHT (HARD),ACHSSCHENKEL HA,6.1894999999999998,EUR,4944925045523
H2124,REAR UPRIGHT,ACHSSCHENKEL HA MRX-5,4.0994999999999999,EUR,4944925021824
H2125,EXCENTRIC HUB,EXZENTER-FÜHRUNGSEINSÄTZE DIVERS (10) MRX-5,5.2061000000000002,EUR,4944925021831
H2126,EXCENTRIC HUB,EXZENTER-FÜHRUNGSEINSÄTZE DIVERS (10) MRX-5 (H2125),0
H2127,SERVO SAVER ARM,SERVO SAVER KUNSTSTOFFTEILE,6.7694000000000001,EUR,4944925021848
H2127,SERVO SAVER KUNSTSTOFFTEILE,SERVO SAVER KUNSTSTOFFTEILE,6.7694000000000001,EUR,4944925021848
H2128,FRONT UPRIGHT DISC,AERODYNAMIK-SCHEIBEN LENKHEBEL VA MRX-5,19.563300000000002,EUR,4944925021862
H2129,REAR UPRIGHT DISC,AERODYNAMIK-SCHEIBEN ACHSSCHENKEL HA MRX-5,21.1539,EUR,4944925021855
H2130,FRONT UPRIGHT UPPER PLATE B,LENKHEBELBEFESTIGUNG B OBEN MRX5,14.026999999999999,EUR,4944925021879
H2130,LENKHEBELBEFESTIGUNG B OBEN MRX5,LENKHEBELBEFESTIGUNG B OBEN MRX5,14.026999999999999,EUR,4944925021879
H2131,FRONT UPRIGHT UPPER PLATE C,LENKHEBELBEFESTIGUNG C OBEN MRX5,12.4193,EUR,4944925021886
H2133a,FRONT LOWER DAMPER MOUNT,ANLENKUNGSHEBEL FÜR STOßDÄMPFER VA MRX-5,10.4922,EUR,4944925045530
H2134,"REAR ANTI-ROLL BAR 2,7 MM","STABILISATOR HA 2,7 MM",4.9165000000000001,EUR,4944925022876
H2135,"REAR ANTI-ROLL BAR 2,8 MM","STABILISATOR HA 2,8 MM",4.6792999999999996,EUR,4944925022883
H2136,"REAR ANTI-ROLL BAR 2,9 MM","STABILISATOR HA 2,9 MM",4.8571999999999997,EUR,4944925022890
H2137,ALU. UPPER ARM MOUNT,ALUMINIUM BEFESTIGUNG LENKHEBEL OBEN,35.254300000000001,EUR,4944925025495
H2138a,"FRONT ANTI-ROLL BAR 2,2 MM","STABILISATOR VA 2,2 MM",4.7385999999999999,EUR,4944925040207
H2139a,"FRONT ANTI-ROLL BAR 2,3 MM","STABILISATOR VA 2,3 MM",4.7979000000000003,EUR,4944925040214
H2140a,"FRONT ANTI-ROLL BAR 2,4 MM","STABILISATOR VA 2,4 MM",4.7385999999999999,EUR,4944925040221
H2141a,"FRONT ANTI-ROLL BAR 2,5 MM","STABILISATOR VA 2,5 MM",5.1528,EUR,4944925040238
H2142L,FRONT UPPER BULKHEAD LEFT,ACHSBOCK VA OBEN LINKS MRX-5 WC-SPEC,9.9762000000000004,EUR,4944925028168
H2142R,FRONT UPPER BULKHEAD RIGHT WC-SPEC,ACHSBOCK VA OBEN RECHTS MRX-5 WC-SPEC,9.9762000000000004,EUR,4944925028175
H2143,FRONT BULKHEAD,ACHSBOCK VA MRX-5 WC-SPEC,39.942500000000003,EUR,4944925028182
H2145,FRONT BULKHEAD MRX-6,ACHSBOCK VA MRX-6,45.958799999999997,EUR,4944925032905
H2145a,ACHSBOCK VA MRX-6,ACHSBOCK VA MRX-6,45.958799999999997,EUR
H2146L,FRONT UPPER BULKHEAD LEFT MRX-6,ACHSBOCK VA OBEN LINKS MRX-6,20.79,EUR,4944925032899
H2146R,FRONT UPPER BULKHEAD RIGHT MRX-6,ACHSBOCK VA OBEN RECHTS MRX-6,20.79,EUR,4944925032882
H2147,MIDDLE SHAFT BRACKET MRX-6,LAGERBOCK FÜR MITTELWELLE MRX-6,39.219299999999997,EUR,4944925032875
H2148,2-SPEED SHAFT BRACKET MRX-6 LEFT,LAGERBOCK FÜR GETRIEBEWELLE MRX-6 LINKS,39.104999999999997,EUR,4944925032868
H2148a,LAGERBOCK FÜR GETRIEBEWELLE MRX-6 LINKS,LAGERBOCK FÜR GETRIEBEWELLE MRX-6 LINKS,39.104999999999997,EUR
H2149,2-SPEED SHAFT BRACKET MRX-6 RIGHT,LAGERBOCK FÜR GETRIEBEWELLE MRX-6 RECHTS,43.255600000000001,EUR,4944925033070
H2150,REAR BULKHEAD MRX-6,ACHSBOCK HA MRX-6,42.6843,EUR,4944925032851
H2151-B,REAR UPPER BULKHEAD MRX-6X,ACHSBOCK HA OBEN MRX-6X,21.4756,EUR,4944925039911
H2151,REAR UPPER BULKHEAD MRX-6,ACHSBOCK HA OBEN MRX-6,22.236899999999999,EUR,4944925032844
H2152a,GEAR BRACE,GETRIEBESTREBE MRX-6,6.6677999999999997,EUR,4944925045547
H2153a,"REAR ANTI-ROLL BAR 2,8 MM","STABILISATOR HA 2,8 MM",5.8635999999999999,EUR,4944925040245
H2154,"REAR ANTI-ROLL BAR 2,9 MM","STABILISATOR HA 2,9 MM",5.6864999999999997,EUR,4944925032813
H2154a,"STABILISATOR HA 2,9 MM","STABILISATOR HA 2,9 MM",5.6864999999999997,EUR,4944925040252
H2155,"REAR ANTI-ROLL BAR 3,0 MM","STABILISATOR HA 3,0 MM",6.8113999999999999,EUR,4944925032806
H2155a,"STABILISATOR HA 3,0 MM","STABILISATOR HA 3,0 MM",6.8113999999999999,EUR,4944925040269
H2156a,BALL LINK 7MM (4+4),KUGELPFANNEN 7MM (4+4),6.3737000000000004,EUR,4944925045554
H2157,EXCENTRIC HUB,EXZENTER-FÜHRUNGSEINSÄTZE DIVERS MRX-6,6.6653000000000002,EUR,4944925032783
H2158,REAR LOWER BULKHEAD (LONG REAR ARMS),ACHSBOCK HA MRX-6R,40.209299999999999,EUR,4944925037535
H2158a,ACHSBOCK HA MRX-6R,ACHSBOCK HA MRX-6R,40.209299999999999,EUR
H2159-B,Rear Lower Shock Mount CFRP 3mm,ANLENKUNGSHEBEL FÜR STOßDÄMPFER HA MRX-6R (3 mm),6.4984000000000002,EUR,4944925046520
H2159a,REAR LOWER SHOCK MOUNT (LONG REAR ARMS),ANLENKUNGSHEBEL FÜR STOßDÄMPFER HA MRX-6R,6.4984000000000002,EUR,4944925045561
H2160,Middle Shaft Bracket,LAGERBOCK FÜR MITTELWELLE MRX-6R,36.020699999999998,EUR,4944925037559
H2161L/Ra,FRONT UPRIGHT,LENKHEBEL MRX-6X,7.4987000000000004,EUR,4944925045578
H2162a,FRONT UPRIGHT INSERT,LENKHEBEL EINSATZ MRX-6X,19.670999999999999,EUR,4944925045585
H2163a,REAR SUS. ARM MRX-6X (1 PCS),QUERLENKER HA (1) MRX-6X,8.4807000000000006,EUR,4944925045592
H2164,REAR UPPER ARM PLATE,BEFESTIGUNGSPLATTE HA  MRX-6X,12.793900000000001,EUR,4944925039720
H2164a,REAR UPPER ARM PLATE,BEFESTIGUNGSPLATTE HA  MRX-6X,12.793900000000001,EUR,4944925045608
H2165L/Ra,FRONT UPPER ARM,QUERLENKER VA OBEN,8.4807000000000006,EUR,4944925045615
H2166L-R,BEFESTIGUNG  STOßDÄMPFER VA MRX-6X,BEFESTIGUNG  STOßDÄMPFER VA MRX-6X,10.966100000000001,EUR,4944925039744
H2166L/Ra,FRONT LOWER SHOCK MOUNT,BEFESTIGUNG  STOßDÄMPFER VA MRX-6X,10.966100000000001,EUR,4944925045622
H2167,ROLL OVER BAR  MRX-6X,ÜBERROLLBÜGEL MRX-6X,14.7948,EUR,4944925039751
H2168,Rear Lower Shock Mount A7075 3mm,ANLENKUNGSHEBEL FÜR STOßDÄMPFER HA MRX A7075 Alu.(3 mm),6.4984000000000002,EUR,4944925046537
H2201-Ba,PULLEY SET,RIEMENRAD-SET MRX-6,19.3261,EUR,4944925045639
H2201,PULLEY SET,RIEMENRAD-SET MRX-5,16.449400000000001,EUR,4944925021909
H2202,PULLEY SET,RIEMENRAD-SET MRX-5 (H2201),0
H2203,MIDDLE SHAFT,MITTELWELLE MRX-5,7.6833,EUR,4944925021916
H2204,PULLEY SPACER (2+8),DISTANZSCHEIBEN RIEMENRADAUFNAHME (2+8) MRX-5,3.5706000000000002,EUR,4944925021923
H2205,PULLEY SPACER (2+8),DISTANZSCHEIBEN RIEMENRADAUFNAHME (2+8) MRX-5 (H2204),0
H2206,PULLEY ADAPTER FOR REAR,RIEMENRADAUFNAHME HA MRX-5,5.1043000000000003,EUR,4944925021930
H2207,PULLEY ADAPTER FOR SIDE,RIEMENRADAUFNAHME SEITE MRX-5,6.6315999999999997,EUR,4944925021947
H2208,2-SPEED ADAPTER,ADAPTER FÜR 2-GANG GETRIEBE MRX-5,10.1287,EUR,4944925022326
H2209,REAR SOLID AXLE,STARRACHSE MRX-5,12.1167,EUR,4944925021954
H2210-B,2-SPEED SHAFT,GETRIEBEWELLE MRX-6,9.3078000000000003,EUR,4944925032769
H2210,2-SPEED SHAFT,GETRIEBEWELLE MRX-5,7.6494,EUR,4944925021961
H2211,FRONT BELT,ZAHNRIEMEN VA MRX-5,7.5162000000000004,EUR,4944925021978
H2211a,ZAHNRIEMEN VA MRX-5,ZAHNRIEMEN VA MRX-5,7.5162000000000004,EUR
H2212,PULLEY HOLDER,RIEMENRADAUFNAHME MRX-5,3.2959000000000001,EUR,4944925022333
H2213,INNER DRIVE JOINT,ANTRIEBSWELLENAUFNAHMEN VA MRX-5,9.0243000000000002,EUR,4944925021985
H2214,SIDE BELT,ZAHNRIEMEN SEITE MRX-5,8.8825000000000003,EUR,4944925021992
H2215,FRONT BELT (RUBBER) MRX-5,ZAHNRIEMEN KURZ VA (GUMMI) MRX-5,7.1138000000000003,EUR,4944925022814
H2215a,ZAHNRIEMEN KURZ VA (GUMMI) MRX-5,ZAHNRIEMEN KURZ VA (GUMMI) MRX-5,7.1138000000000003,EUR
H2216,SIDE BELT (RUBBER) MRX-5,ZAHNRIEMEN SEITE LANG  (GUMMI) MRX-5,10.851800000000001,EUR,4944925022821
H2216a,ZAHNRIEMEN SEITE LANG  (GUMMI) MRX-5,ZAHNRIEMEN SEITE LANG  (GUMMI) MRX-5,10.851800000000001,EUR
H2217,REAR BELT (RUBBER) MRX-5,ZAHNRIEMEN HA (GUMMI) MRX-5,9.2440999999999995,EUR,4944925022838
H2217a,ZAHNRIEMEN HA (GUMMI) MRX-5,ZAHNRIEMEN HA (GUMMI) MRX-5,9.2440999999999995,EUR
H2218,AL. FRONT AXLE SHAFT FOR UNIVERSAL JOINT,ALUMINIUM RADACHSE VA FÜR H0270,14.355,EUR,4944925023194
H2219,AL. REAR AXLE SHAFT FOR UNIVERSAL JOINT,ALUMINIUM RADACHSE HA FÜR H0296,15.4975,EUR,4944925023200
H2220,BELT TENSIONER PLATE  WC-SPEC,BEFESTIGUNGSPLATTE RIEMENSPANNER MRX-5 WC-SPEC,9.9167000000000005,EUR,4944925028335
H2221,BELT TENSIONER PLATE,BEFESTIGUNGSPLATTE RIEMENSPANNER MRX-6,10.0184,EUR,4944925032752
H2221a,BELT TENSIONER PLATE,BEFESTIGUNGSPLATTE RIEMENSPANNER MRX-6,10.0184,EUR,4944925045646
H2222a,REAR SOLID AXLE,STARRACHSE MRX-6,12.533799999999999,EUR,4944925045653
H2223,REAR DRIVE SHAFT,ANTRIEBSWELLEN HA,19.292200000000001,EUR,4944925032738
H2223a,ANTRIEBSWELLEN HA,ANTRIEBSWELLEN HA,19.292200000000001,EUR
H2224,PULLEY ADAPTER,RIEMENRADAUFNAHME HA MRX-6,10.3695,EUR,4944925032721
H2225,2-SPEED ADAPTER,ADAPTER FÜR 2-GANG GETRIEBE MRX-6,11.494999999999999,EUR,4944925032714
H2226,2ND GEAR HOUSING,ZAHNRADAUFNAHME 2.GANG,15.1927,EUR,4944925032707
H2227a,SHOE FOR 2 SPEED GEAR BOX,BELÄGE FÜR 2-GANG GETRIEBE,7.1668000000000003,EUR,4944925045660
H2228a,ROLLER BELT TENSION,RIEMENSPANNER ROLLE,4.4214000000000002,EUR,4944925045677
H2229,SPRING FOR 2 SPEED GEAR BOX,FEDERN UND ZUBEHÖR,6.7727000000000004,EUR,4944925032622
H2230a,PULLEY SET (LOW FRICTION),RIEMENRAD-SET MRX-6 (LOW FRICTION),22.710599999999999,EUR,4944925045684
H2231,FRONT WHEEL CHANGE LEVER,SCHNELLWECHSELHEBEL VA,10.8521,EUR,4944925039447
H2232,REAR WHEEL CHANGE LEVER,SCHNELLWECHSELHEBEL HA,10.8521,EUR,4944925039454
H2233,PINION GEAR 19T,RITZEL 19 ZÄHNE,10.0525,EUR,4944925039768
H2234,PINION GEAR 20T,RITZEL 20 ZÄHNE,10.2044,EUR,4944925039775
H2235,PINION GEAR 24T,RITZEL 24 ZÄHNE,11.1187,EUR,4944925039782
H2236,PINION GEAR 25T,RITZEL 25 ZÄHNE,11.3088,EUR,4944925039799
H2237,1ST SPEED GEAR 60T,ZAHNRAD 60 ZÄHNE 1.GANG MRX-6X,4.7001999999999997,EUR,4944925039805
H2238,1ST SPEED GEAR 61T,ZAHNRAD 61 ZÄHNE 1.GANG MRX-6X,4.7001999999999997,EUR,4944925039812
H2239,1ST SPEED GEAR 62T,ZAHNRAD 62 ZÄHNE 1.GANG MRX-6X,4.7001999999999997,EUR,4944925039829
H2240,2ND SPEED GEAR 56T,ZAHNRAD 56 ZÄHNE 2.GANG MRX-6X,4.6071,EUR,4944925039836
H2241,2ND SPEED GEAR 57T,ZAHNRAD 57 ZÄHNE 2.GANG MRX-6X,4.6071,EUR,4944925039843
H2242,2ND SPEED GEAR 58T,ZAHNRAD 58 ZÄHNE 2.GANG MRX-6X,4.6071,EUR,4944925039850
H2243,PINION GEAR 23T,RITZEL 23 ZÄHNE,11.1187,EUR,4944925901720
H2301,RADIO PLATE,RADIOPLATTE MRX-5,57.606099999999998,EUR,4944925022005
H2302,BRAKE BRACKET,FÜHRUNGSPLATTE BREMSEXENTER MRX-5,8.1905999999999999,EUR,4944925022012
H2303,BRAKE CAM,BREMSEXZENTER MRX-5,7.2142999999999997,EUR,4944925022029
H2304,BRAKE RETURN SPRING SET,RÜCKZUGSFEDERN-SET FÜR BREMSE MRX-5,4.1223999999999998,EUR,4944925022036
H2305,BRAKE PAD,BREMSBELÄGE MRX-5 / MTX-5,17.202400000000001,EUR,4944925022043
H2306,BRAKE RETURN SPRING SET,RÜCKZUGSFEDERN-SET FÜR BREMSE MRX-5 (H2304),0
H2307,BRAKE RETURN SPRING SET,RÜCKZUGSFEDERN-SET FÜR BREMSE MRX-5 (H2304),0
H2308,BRAKE DISC,BREMSSCHEIBE MRX-5 / MTX-5,14.8231,EUR,4944925022050
H2309,SERVO SAVER ARM,SERVO SAVER KUNSTSTOFFTEILE MRX-5 (H2127),0
H2310,RADIO PLATE FLEX MOUNT,FLEX-BEFESTIGUNG FÜR RADIOPLATTE,12.741199999999999,EUR,4944925022067
H2311,RC MODULE,RC-MODUL KUNSTSTOFFTEILE MRX-5,8.4618000000000002,EUR,4944925022074
H2312-Ba,SERVO SAVER ARM,SERVO SAVER KUNSTSTOFFTEILE MRX-6R,8.3686000000000007,EUR,4944925045691
H2312,SERVO SAVER ARM,SERVO SAVER KUNSTSTOFFTEILE MRX-6,9.9252000000000002,EUR,4944925032660
H2313,BATTERY PLATE,AKKU-HALTER MRX-5,22.372199999999999,EUR,4944925022081
H2314,SERVO SAVER PIPE,SERVO SAVER FEDERAUFNAHME MRX-5,6.6315999999999997,EUR,4944925022098
H2315,BATTERY PLATE CARBON,AKKU-HALTER CARBON MRX-5,28.464500000000001,EUR,4944925022432
H2316,BRAKE CAM ALUMINIUM,BREMSEXZENTER MRX-5 ALUMINIUM,9.2037999999999993,EUR,4944925023507
H2317,BRAKE PAD 2011,BREMSBELÄGE MRX-5 2011,19.0031,EUR,4944925023491
H2318,SERVO SAVER SPRING (HARD),SERVO SAVER FEDER (HART),4.5693999999999999,EUR,4944925028786
H2319a,BRAKE CAM,BREMSEXZENTER MRX-6,8.1186000000000007,EUR,4944925045707
H2320,BRAKE PAD,BREMSBELÄGE MRX-6,18.3598,EUR,4944925032646
H2321,BRAKE DISC,BREMSSCHEIBE MRX-6,18.3598,EUR,4944925032639
H2322-Ba,RADIO PLATE/BATTERY/FUEL TANK MOUNT,"AKKU-, TANK-, RADIOPLATTEN HALTER MRX-6R",9.0984999999999996,EUR,4944925045714
H2322,"RADIO, BATTERY AND FUEL TANK MOUNT","AKKU-, TANK-, RADIOPLATTEN HALTER MRX-6",9.6335999999999995,EUR,4944925032615
H2323,RC MODULE,RC-MODUL KUNSTSTOFFTEILE MRX-6,10.4122,EUR,4944925032608
H2324,SERVO SAVER SPRING (T0308),SERVO SAVER FEDER (ersetzt T0308),2.4033000000000002,EUR,4944925032592
H2402-B,FRONT BUMPER / BODY MOUNT PLATE,RAMMSCHUTZ MRX-5 WC-SPEC,6.6878000000000002,EUR,4944925028342
H2402-Ca,FRONT BUMPER,RAMMSCHUTZ MRX-6R,7.2157999999999998,EUR,4944925045721
H2402,FRONT BUMPER / BODY MOUNT PLATE,RAMMSCHUTZ / KAROSSERIEBEF.PLATTE MRX-5,9.0198999999999998,EUR,4944925022111
H2403-Ba,FRONT BUMPER / BODY MOUNT PLATE,RAMMSCHUTZ / KAROSSERIEBEF.PLATTE MRX-5 WC-SPEC,4.6641000000000004,EUR,4944925045738
H2404,WEIGHT A,AUSGLEICHSGEWICHT A VORNE 20G MRX-5,12.246499999999999,EUR,4944925022128
H2405,WEIGHT B,AUSGLEICHSGEWICHT B MITTE 20G MRX-5,11.9344,EUR,4944925022135
H2406,FRONT BODY HOLDER,KAROSSERIE-HALTER VA ALU. MRX-5,14.7507,EUR,4944925022142
H2407,WEIGHT C,AUSGLEICHSGEWICHT C HA MRX-5,3.6775000000000002,EUR,4944925022159
H2408,REAR BODY MOUNT CENTERING PLATE,ZENTRIERUNGS-PLATTE FÜR H0466-C MRX-5,10.0884,EUR,4944925022166
H2410,CHASSIS MRX-5,"CHASSIS MRX-5 WC-SPEC ""HIGH TRACKTION""",63.017400000000002,EUR,4944925027734
H2411,CHASSIS MRX-6,CHASSIS MRX-6,69.722999999999999,EUR,4944925032585
H2412,CHASSIS WEIGHT,AUSGLEICHSGEWICHT MRX-6,13.3216,EUR,4944925032578
H2413,RADIO PLATE MRX-6,RADIOPLATTE MRX-6,73.48,EUR,4944925032561
H2414a,REAR BODY MOUNT CENTERING PLATE,ZENTRIERUNGS-PLATTE MRX-6,9.3078000000000003,EUR,4944925045745
H2415a,REAR CENTERING SHAFT,FÜHRUNGSHÜLSE FÜR HECKBRÜCKE MRX-6,4.4214000000000002,EUR,4944925045752
H2416a,REAR BODY MOUNT(also replacement for H0466),HECKBRÜCKE MRX-6(ersetzt H0466),13.039,EUR,4944925045769
H2417a,FRONT BODY HOLDER SHORT,KAROSSERIE-HALTER VA ALU. MRX KURZ,12.9016,EUR,4944925045776
H2418,CHASSIS MRX-6R,CHASSIS MRX-6R,69.744100000000003,EUR,4944925037580
H2418a,CHASSIS MRX-6R,CHASSIS MRX-6R,69.744100000000003,EUR
H2419,CFRP WEIGHT MOUNT,GEWICHTEHALTER CFRP,16.550599999999999,EUR,4944925037597
H2419a,CFRP WEIGHT MOUNT,GEWICHTEHALTER CFRP,16.550599999999999,EUR,4944925045783
H2420a,RADIO PLATE MRX-6R,RADIOPLATTE MRX-6R,55.262099999999997,EUR,4944925045790
H2421a,BRACE RADIO PLATE MRX-6R,STREBE RADIOPLATTE MRX-6R,7.9539,EUR,4944925045806
H2422,Center Weight 30g,AUSGLEICHSGEWICHT MRX-6X 30g,21.856100000000001,EUR,4944925039997
H2501,FRONT DAMPER STAY,DÄMPFER BEFESTIGUNGSPLATTE VA MRX-5,9.2738999999999994,EUR,4944925022173
H2502,REAR DAMPER STAY,DÄMPFER BEFESTIGUNGSPLATTE HA  MRX-5,10.3233,EUR,4944925022180
H2503a,FRONT DAMPER STAY,DÄMPFER BEFESTIGUNGSPLATTE VA MRX-6,11.3384,EUR,4944925045813
H2504a,REAR DAMPER STAY,DÄMPFER BEFESTIGUNGSPLATTE HA  MRX-6,22.304500000000001,EUR,4944925045820
H2505a,REAR SHOCK UNIBALL,DÄMPFER BEFESTIGUNG (2),7.4759000000000002,EUR,4944925045837
H2506a,REAR ARB UNIBALL,DÄMPFER BEFESTIGUNG (2),22.2471,EUR,4944925045844
H2507,SHOCK PISTON 3HOLE (2PCS.),DÄMPFER-KOLBEN 3 LOCH (2),4.9306999999999999,EUR,4944925033285
H2508,SHOCK PISTON 4HOLE (2PCS.),DÄMPFER-KOLBEN 4 LOCH (2),4.9306999999999999,EUR,4944925033292
H2509a,FRONT SPRING SHEET ALUMINUM (2PCS.),FEDERTELLER ALUMINIUM VORNE (2 STK.),15.1525,EUR,4944925045851
H2510a,REAR SPRING SHEET ALUMINUM (2PCS.),FEDERTELLER ALUMINIUM HINTEN (2 STK.),13.6694,EUR,4944925045868
H2511a,DAMPER CASE HC MRX/MTX,DÄMPFER GEHÄUSE HC MRX / MTX,20.866199999999999,EUR,4944925045875
H2512,DAMPER SET MRX / MTX,STOßDÄMPFER SET MRX / MTX,37.581800000000001,EUR,4944925034411
H2513,DAMPER PARTS,DÄMPFERTEILE MRX-6R,5.78,EUR,4944925037610
H2514,DAMPER PARTS,DÄMPFERTEILE MRX-6R,8.1229999999999993,EUR,4944925037610
H2515a,DAMPER SET MRX,STOßDÄMPFER SET MRX6R,33.672899999999998,EUR,4944925045882
H2516a,FRONT SHOCK TOWER,DÄMPFER BEFESTIGUNGSPLATTE VA MRX-6X,9.8833000000000002,EUR,4944925045899
H2517,Front Shock Springs,DÄMPFER-FEDERN VA,8.8338000000000001,EUR,4944925046544
H2518,Rear Shock Tower MRX6X,DÄMPFER BEFESTIGUNGSPLATTE HA  MRX-6,22.304500000000001,EUR,4944925902482
H2602,BEARING (8X14X4),KUGELLAGER (8X14X4) MRX-5,7.2195,EUR,4944925022357
H2602a,KUGELLAGER (8X14X4) MRX-5,KUGELLAGER (8X14X4) MRX-5,7.2195,EUR,4944925046643
H2603,BEARING (3X6) FLANGE,BUNDLAGER (3X6) MRX-5,10.143700000000001,EUR,4944925022340
H2603a,BUNDLAGER (3X6) MRX-5,BUNDLAGER (3X6) MRX-5,10.143700000000001,EUR,4944925046650
H2604a,THRUST BEARING (FOR A/T CLUTCH),KUPPLUNGS-DRUCKLAGER 10X5X4 (D0603),10.372400000000001,EUR,4944925028779
H2605-1,BEARING SET (12X18X4) (10) LOW FRICTION,KUGELLAGER SET (12X18X4) (10) LOW FRICTION,29.1755,EUR,4944925034176
H2605-1a,KUGELLAGER SET (12X18X4) (10) LOW FRICTION,KUGELLAGER SET (12X18X4) (10) LOW FRICTION,29.1755,EUR,4944925046674
H2605,BEARING (12X18X4) LOW FRICTION,KUGELLAGER (12X18X4) LOW FRICTION,8.4990000000000006,EUR,4944925034169
H2605a,KUGELLAGER (12X18X4) LOW FRICTION,KUGELLAGER (12X18X4) LOW FRICTION,8.4990000000000006,EUR,4944925046667
H2701,FLY WHEEL MRX-5 2011,SCHWUNGSCHEIBE MRX-5X 2011,10.0183,EUR,4944925023422
H2702,AL. PRESSURE PLATE 2011,KUPPLUNGS DRUCKPLATTE ALUMINIUM 2011,6.6687000000000003,EUR,4944925023439
H2703,SPRING CUP 2011,KUPPLUNGS-FEDERTELLER MRX-5 / MTX-5,2.7863000000000002,EUR,4944925023446
H2704,ADJ NUT 2011,KUPPLUNGS-EINSTELLMUTTER 2011,3.9445999999999999,EUR,4944925023453
H2706,CLUTCH SPRING MRX,KUPPLUNGSFEDER MRX5,7.6577000000000002,EUR,4944925023477
H2707,"CLUTCH SET FOR MRX-5, NO CLUTCH BELL",KUPPLUNGSKIT SYNTEC MRX-5 ohne Kupplungsglocke,42.705399999999997,EUR,4944925023484
H2707,KUPPLUNGSKIT SYNTEC MRX-5 ohne Kupplungsglocke,KUPPLUNGSKIT SYNTEC MRX-5 ohne Kupplungsglocke,42.705399999999997,EUR,4944925023484
H2708,AL CLUTCH BELL MRX-5,ALUMINIUM KUPPLUNGSGLOCKE MRX-5,15.103999999999999,EUR,4944925028632
H2709-B,CLUTCH SHOE  BLACK MRX5  (H2709),KUPPLUNGS-BELAG SCHWARZ 2016 (H2709),6.3909000000000002,EUR,4944925033209
H2710,1ST SPEED GEAR 15T,RITZEL 15 ZÄHNE 1.GANG,9.5955999999999992,EUR,4944925031441
H2711,CLUTCH BELL,KUPPLUNGSGLOCKE MRX-6,16.614000000000001,EUR,4944925032417
H2712,CLUTCH SET,KUPPLUNGSKIT MRX-6,42.261099999999999,EUR,4944925032400
H2713,"WASHER 5,2X10X0,1(10), 5X8X0,1(10)","DISTANZSCHEIBEN 5,2X10X0,1(10), 5X8X0,1(10)",8.7452000000000005,EUR,4944925032424
H2714,1ST SPEED GEAR 15T NICKEL HD COATING,RITZEL 15 ZÄHNE 1.GANG NICKEL HD COATING,9.4430999999999994,EUR,4944925033216
H2715,1ST SPEED GEAR 16T NICKEL HD COATING,RITZEL 16 ZÄHNE 1.GANG NICKEL HD COATING,9.5574999999999992,EUR,4944925033230
H2716,2ND SPEED GEAR 19T NICKEL HD COATING,RITZEL 19 ZÄHNE 2.GANG NICKEL HD COATING,10.0906,EUR,4944925033254
H2717,2ND SPEED GEAR 20T NICKEL HD COATING,RITZEL 20 ZÄHNE 2.GANG NICKEL HD COATING,10.2425,EUR,4944925033278
H2718,2ND SPEED GEAR 21T NICKEL HD COATING,RITZEL 21 ZÄHNE 2.GANG NICKEL HD COATING,10.4331,EUR,4944925033865
H2719,CENTRIFUGAL SHOE HD,KUPPLUNGS-FLIEHGEWICHTE HD,8.6626999999999992,EUR,4944925033872
H2720,CLUTCH BELL MULTI BEARING,KUPPLUNGSGLOCKE MRX-6R,16.100000000000001,EUR,4944925037634
H2720a,KUPPLUNGSGLOCKE MRX-6R,KUPPLUNGSGLOCKE MRX-6R,16.698,EUR,4944925901706
H2721,BEARING STOPPER,LAGER STOPPER,3.0948000000000002,EUR,4944925037641
H2722,CLUTCH SHOE H.D.,KUPPLUNGS-BELAG H.D.,14.4,EUR,4944925037658
H2722a,KUPPLUNGS-BELAG H.D.,KUPPLUNGS-BELAG H.D.,14.3247,EUR,4944925901690
H2723,CLUTCH SET V2,KUPPLUNGSKIT V2,51.738199999999999,EUR,4944925037702
H2723b,KUPPLUNGSKIT V2,KUPPLUNGSKIT V2,51.738199999999999,EUR
H2724,TAPER CONE (also replacment for C0702B),KONUS (ersetzt C0702B),4.0487000000000002,EUR,4944925039676
H2801,FUEL TANK MRX-5,TANK 125CCM MRX-5,15.8147,EUR,4944925022197
H2802a,FUEL TANK MOUNT,TANKBEFESTIGUNG MRX-5 / MTX-5,7.7847,EUR,4944925045905
H2803,SERVO SAVER ARM,SERVO SAVER KUNSTSTOFFTEILE MRX-5 (H2127),0
H2804-Aa,BUSHING,BUCHSE MRX-6,5.5061,EUR,4944925045912
H2804-Ba,LINKAGE PARTS,ANLENKUNG GAS/BREMSE MTX-5,8.9558999999999997,EUR,4944925045929
H2806,TURN BUCKLE ROD (18MM),EINSTELLGESTÄNGE RE/LI (18MM) MRX-5,4.7975000000000003,EUR,4944925022425
H2807,SERVO SAVER ARM,SERVO ARM AUS SET H2127,0
H2808,FUEL TANK CAP,TANKDECKEL MIT AUSGLEICH MRX-6,9.0497999999999994,EUR,4944925032462
H2809,FUEL TANK MRX-6,TANK MRX-6,20.292400000000001,EUR,4944925033094
H2810,O-RING FUEL TANK CAP (4PCS),O-RING TANKDECKEL (4 STK.),2.9784000000000002,EUR,4944925033261
H2901,MUFFLER STAY MRX-5,RESO ROHR HALTER MRX-5,9.9380000000000006,EUR,4944925025150
H2902,MUFFLER STAY MRX-6,RESO ROHR HALTER MRX-6,3.8279999999999998,EUR,4944925032455
H2902A,MUFFLER STAY,RESO ROHR HALTER DRAHT,1.3617999999999999,EUR,494492503245
H2903,MUFFLER STOPPER,RESO ROHR HALTER SICHERUNG,5.9653999999999998,EUR,4944925039904
J0104,FRONT SUS SHAFT,"DREHACHSEN QUERLENKER VA (4) MTX-3, MTX-4",5.1618000000000004,EUR,4944925501043
J0105U,REAR UPPER SUS. SHAFT,DREHACHSEN QUERLENKER HA OBEN,2.8347000000000002,EUR,4944925002649
J0110,ADJ NUT,EINSTELLMUTTERN FÜR  LENKHEBEL,2.4516,EUR,4944925501104
J0202,BELT S,ZAHNRIEMEN KURZ HA,7.2344999999999997,EUR,4944925502026
K0208,SPUR GEAR 42T,HAUPTZAHNRAD 42 ZÄHNE,2.6528999999999998,EUR,4944925702082
K0453,BODY MOUNT,KAROSSERIEBEFESTIGUNG VA/HA,4.1840000000000002,EUR,4944925001277
K0803,FUEL TANK,TANK 75CCM,4.7979000000000003,EUR,4944925708039
L0302,SERVO MOUNT PARTS,SERVO-BEFESTIGUNGS SET,0.72989999999999999,EUR,4944925004667
MA1008,MTC FWD Motor / Servohalter Alum. schwarz,MTC FWD Motor / Servohalter Alum. schwarz,43.45,EUR
MA1009,MTC FWD Frontrammer Brücke (extra Gewicht),MTC FWD Frontrammer Brücke (extra Gewicht),9.75,EUR
MA2005,"Front Carbon Upper Arm Bracket,Caster 4°/5°(2)","Vordere Querlenkerbefestigung oben, 4°/5° Nachlauf (2)",9.4,EUR
MA2006,"Rear Carbon Upper Arm Bracket,Caster 0°/2°(2)","Hintere Querlenkerbefestigung oben, 0°/2° Nachlauf (2)",9.4,EUR
MA2007,"Leightweight Upright Lever,Carbon 2,50mm (2)","Anlenkungshebel Carbon 2,50mm (2)",9.4,EUR
MA2008,"Upperarm Shim, Carbon 1.0mm - MTC2 (2)","Obere Querlenker-Scheiben, Carbon 1.0mm - MTC2 (2)",5.8,EUR
MA2009,"Upperarm Shim, Carbon 0.5mm - MTC2 (2)","Obere Querlenker-Scheiben, Carbon 0,5mm - MTC2 (2)",5.8,EUR
MA2015,"Front Rollcenter Shims, Carbon 1.0mm - MTC2 (2)","Vordere Rollcenter-Scheiben, Carbon 1.0mm - MTC2 (2)",7.35,EUR
MA2016,"Front Rollcenter Shims, Carbon 0.5mm - MTC2 (2)","Vordere Rollcenter-Scheiben, Carbon 0.5mm - MTC2 (2)",7.35,EUR
MA2019,"Rear Rollcenter Shims, Carbon 1.0mm - MTC2 (2)","Hintere Rollcenter-Scheiben, Carbon 1.0mm - MTC2 (2)",7.35,EUR
MA2020,"Rear Rollcenter Shims, Carbon 0.5mm - MTC2 (2)","Hintere Rollcenter-Scheiben, Carbon 0.5mm - MTC2 (2)",7.35,EUR
MA2050,Alumi. Diff/Spool Cams,Diff/Spool Exzenter (Aluminium),11.95,EUR
MA2051,Alumi. Diff/Spool Cams low (-1mm),Diff/Spool Exzenter tief -1mm (Aluminium),11.95,EUR
MA2098,SCREW SET,Schraubenset Stahl,4.5692000000000004,EUR
MA2098,Schraubenset Stahl,Schraubenset Stahl,4.5692000000000004,EUR
MA2099,SET SCREW SET,Gewindestifte Stahl,2.9278,EUR
MA2099,Gewindestifte Stahl,Gewindestifte Stahl,2.9278,EUR
MA2500,Straight Plate MTC,Straight Plate MTC,12.9,EUR
MA2500,Straight Plate MTC,Straight Plate MTC,12.9,EUR
MA2501,Tweakstick MTC,Tweakstick MTC,27.9,EUR
MA2501,Tweakstick MTC,Tweakstick MTC,27.9,EUR
MB1020,Carbon Batterymount MSB1 (height adjustable),Akkubefestigung Carbon (höhenverstellbar) MSB-1 2S LiPo Battery,21.5,EUR
MB1025,Carbon Motor Mount MSB1,Motorbefestigungsplatte Carbon MSB1,10.9,EUR
MB1030,Front Shock Tower CFRP (+5mm),Dämpferbefestigungsplatte VA Carbon(+5mm),15.9,EUR
MB1031,Rear Shock Tower CFRP (+5mm),Dämpferbefestigungsplatte HA Carbon(+5mm),17.899999999999999,EUR
MB1035,Wing Mount (CFRP) MSB1,Heckflügel-Befestigung (CFRP) MSB1,15.8,EUR
ME15046,Exhaust System Off Road .21 EFRA 2146 (manifold & pipe),Resorohr / Krümmer set  Off Road .21 EFRA 2146,59.9,EUR
ME15060,Exhaust System Off Road .21 EFRA 2160 (manifold & pipe),Resorohr / Krümmer set  Off Road .21 EFRA 2160,59.9,EUR
ME8015,FRONT LOWER ARM PLATE 2mm - CARBON,QUERLENKERVERSTEIFUNG  VORDERACHSE - CARBON 2mm (2 Stk),11.9,EUR
ME8016,REAR LOWER ARM PLATE 2mm - CARBON,QUERLENKERVERSTEIFUNG  HINTERACHSE - CARBON 2mm (2 Stk),14.9,EUR
ME8017,REAR CHASSIS STIFFENER PLATE 5MM CARBON,CHASSISSTREBE HINTERACHSE UNTEN - CARBON 5mm (1 Stk),20.8,EUR
ME8020,"FRONT DAMPER STAY 5,00mm (CFRP)","DÄMPFER BEFESTIGUNGSPLATTE VA 5,0mm",25.9,EUR
ME8021,"REAR DAMPER STAY 4,00mm (CFRP)","DÄMPFER BEFESTIGUNGSPLATTE HA 4,0mm",26.9,EUR
ME8025,Fuel Tank Protection Plate Carbon,"Wärmeschutzplatte für Tank, Carbon",7.95,EUR
ME8029,"One Piece Wing Button Carbon, Uni.Use","Heckflügelverstärkung Carbon, Uni. 1/8 Buggy",10.95,EUR
ME8030,Upper Rear Wing Reinforcement Plate (CFRP),"Heckflügel-Verstärkung (CFRP), Universal 1/8 Buggy",10.95,EUR
ME8031,Rear Wing Frame Reinforcement Plate (CFRP),Heckflügel-Rahmen Verstärkungsplatte (CFRP),13.8,EUR
ME8032,Rear Wing Mount Support (CFRP),Heckflügel-Befestigung (CFRP),11.2,EUR
ME8035,Rear Upright Link Plate +5mm,Achsschenkel Platten HA +5mm,15.8,EUR
ME8038,Querlenkereinsätze VA 3.0mm (CFRP) MBX8R,Querlenkereinsätze VA 3.0mm (CFRP) MBX8R,18.600000000000001,EUR
ME8039,Rear Lower Arm Plate 3.0mm (CFRP) MBX8R,Querlenkereinsätze HA 3.0mm (CFRP) MBX8R,23.5,EUR
ME8050,BATTERY BOX,AKKUBOX MBX-8 (+10mm),21.9,EUR
ME8051,BATTERY BOX MBX-8R ECO Carbon 2x2S LiPo Battery,AKKUBOX MBX-8R ECO Carbon 2x2S LiPo Battery,64,EUR
ME8055,"FRONT LOWER ARM PLATE 2,50mm (CFRP) TRUGGY","QUERLENKER PLATTE VA 2,50 MM KOHLEFASER TRUGGY",16.899999999999999,EUR
ME8056,"REAR LOWER ARM PLATE 2,50mm (CFRP) TRUGGY","QUERLENKER PLATTE HA 2,50 MM KOHLEFASER TRUGGY",20.9,EUR
MH6001,REAR LOWER SHOCK MOUNT (LONG REAR ARMS) 1pcs Alu.,ANLENKUNGSHEBEL FÜR STOßDÄMPFER HA MRX (VE 1Stk) Aluminium,7.95,EUR
MH6005,SERVO SAVER ARM ALU. MRX6R/X,SERVO SAVER ARM ALU. MRX6R/X,14.7,EUR
MH6006,10g WEIGHT MRX6R/X (also replacement for H2409),10g ZUSATZGEWICHTE MRX6R/X (ersetzt H2409),3.1,EUR
MH6010a,Rear body mount set (option),Karosseriehalter Heckbrücke MRX-6X Set (option),29.95,EUR,494492504593
MH6020,2ND SPEED GEAR 26T NICKEL HD COATING,RITZEL 26 ZÄHNE 2.GANG NICKEL HD COATING,8.9499999999999993,EUR,494492504639
MZ1021,"Body Stiffener (center, front, rear) 2.0mm Carbon/Fiber Mix","Body Stiffener (center, front, rear) 2.0mm Carbon/Fiber Mix",19.95,EUR
MZ2005,"Präzisions ""O""-Ring Super Leichtlauf (12 Stk)","Präzisions ""O""-Ring Super Leichtlauf (12 Stk)",4.0999999999999996,EUR
MZ2005,Precision High Performance Differential O-Ring (12),"Präzisions ""O""-Ring Super Leichtlauf (12 Stk)",4.0999999999999996,EUR
MZ2010,Tungsten Weight 10g (34.8x14.8x1mm),Tungsten Weight 10g (34.8x14.8x1mm),6.49,EUR
MZ2015,Tungsten Weight 15g (5x6x26mm),Tungsten Weight 15g (5x6x26mm),9.49,EUR
MZ2905,"Präzisions ""O""-Ring Super Leichtlauf (10 Stk)","Präzisions ""O""-Ring Super Leichtlauf (10 Stk)",4.0999999999999996,EUR
P0102-2,NEW LOGO STICKER M (90X360),MUGEN SEIKI LOGO AUFKLEBER M (90X360),8.8000000000000007,EUR,4944925021183
P0103-2,NEW LOGO STICKER L (185X750),MUGEN SEIKI LOGO AUFKLEBER L (185X750),14.8584,EUR,4944925021190
P0151,MUGEN SEIKI Sticker MTC-1,MUGEN SEIKI Sticker MTC-1,8.4616000000000007,EUR
P0402,12 LOGO STICKER,MUGEN SEIKI LOGO STICKER 2012,6.7759999999999998,EUR,4944925027093
P0403,12 LOGO STICKER (METALLIC),MUGEN SEIKI LOGO STICKER 2012 (METALLIC),9.0640000000000001,EUR,4944925027109
T0051,INSTRUCTION MANUAL MTX-4,BAUANLEITUNG MTX-4,1.6,EUR,4944925011887
T0061,INSTRUCTION MANUAL MTX-4 R,BAUANLEITUNG MTX-4 R,1.8153999999999999,EUR,4944925016523
T0062,DECALS MTX-4 R,DEKORBOGEN MTX-4 R,4.0278,EUR,4944925016530
T0063,DECALS MTX-4 R,DEKORBOGEN MTX-4 R,11.1355,EUR,4944925016547
T0114,REAR LOWER ARM PIN,"DREHACHSEN QUERLENKER HA UNTEN MTX-3, MTX-4",3.8077000000000001,EUR,4944925721144
T0126,REAR BULK HEAD,ACHSBÖCKE HA,8.9524000000000008,EUR,4944925005428
T0127,BRAKE BRACKET,FÜHRUNGSPLATTE BREMSEXENTER,7.3464999999999998,EUR,4944925005435
T0130,REAR BRACE,VERSTEIFUNG HA,8.5627999999999993,EUR,4944925005459
T0135,FRONT UPPER ARM,QUERLENKER VA OBEN,6.2298,EUR,4944925005466
T0136,FRONT LOWER ARM,QUERLENKER VA UNTEN,3.9788000000000001,EUR,4944925005473
T0137,REAR LOWER ARM,QUERLENKER HA UNTEN,4.2605000000000004,EUR,4944925005480
T0138-B,FRONT UPRIGHT WC06,LENKHEBEL VA - WM06,5.4489999999999998,EUR,4944925015267
T0139,REAR UPRIGHT,ACHSSCHENKEL HA,4.6219999999999999,EUR,4944925005503
T0140,REAR ANTI-ROLL BAR,STABILISATOR HA,4.8571999999999997,EUR,4944925005510
T0142,AL. WHEEL HUB,FELGENAUFNAHMEN ALU,28.898399999999999,EUR,4944925006340
T0143,REAR ANTI-ROLL BAR 2.5MM,"STABILISATOR HA, 2.5MM",6.3971999999999998,EUR,4944925006487
T0144,REAR UPPER ARM MOUNT,QUERLENKERBEFESTIGUNG HA OBEN MTX-4,8.4616000000000007,EUR,4944925011900
T0145,FRONT BULK HEAD,ACHSBÖCKE VA MTX-4,7.6387,EUR,4944925011917
T0146,REAR BULK HEAD,ACHSBÖCKE HA MTX-4,7.5305999999999997,EUR,4944925011924
T0147,REAR LOWER ARM MOUNT,QUERLENKERBEFESTIGUNG HA UNTEN MTX-4,5.7958999999999996,EUR,4944925011931
T0148,FRONT UPPER ARM MOUNT,QUERLENKERBEFESTIGUNG VA OBEN MTX-4,5.9847000000000001,EUR,4944925011948
T0149,BRAKE BRACKET,FÜHRUNGSPLATTE BREMSEXZENTER MTX-4,8.1250999999999998,EUR,4944925011955
T0150,RADIO PLATE MOUNT,RADIOPLATTENHALTER,8.2077000000000009,EUR,4944925011962
T0151-B,FRONT LOWER ARM MTX-4R,QUERLENKER VA UNTEN MTX-4 R,4.9439000000000002,EUR,4944925015465
T0151,FRONT LOWER ARM,QUERLENKER VA UNTEN,4.4275000000000002,EUR,4944925011979
T0152,REAR LOWER ARM,QUERLENKER HA UNTEN,4.9439000000000002,EUR,4944925011986
T0153,REAR UPRIGHT,ACHSSCHENKEL HA,5.0640999999999998,EUR,4944925011993
T0154,EXCENTRIC HUB,EXZENTERAUFNAHMEN,4.1353,EUR,4944925012006
T0155,ANTI-ROLL BAR HOLDER,STABILISATOR HALTER VA,4.7678000000000003,EUR,4944925012013
T0156,FRONT UPPER ARM,QUERLENKER VA OBEN,6.5510999999999999,EUR,4944925012020
T0157,FRONT ANTI-ROLL BAR,"STABILISATOR VA,METALLTEILE",19.3611,EUR,4944925012037
T0158,REAR ANTI-ROLL BAR 2.0MM,STABILISATOR HA 2.0MM,5.2713999999999999,EUR,4944925012044
T0159,REAR ANTI-ROLL BAR 2.1MM,STABILISATOR HA 2.1MM,5.3307000000000002,EUR,4944925012051
T0160,REAR ANTI-ROLL BAR 2.2MM,STABILISATOR HA 2.2MM,5.5678999999999998,EUR,4944925012068
T0161,REAR UPPER ARM MOUNT WC06,QUERLENKERBEFESTIGUNG HA OBEN MTX-4 WM06,7.7506000000000004,EUR,4944925015427
T0162,REAR ADJUSTABLE ANTI-ROLL BAR SET MTX-4,"STABILISATOR SET, EINSTELLBAR MTX-4",35.887500000000003,EUR,4944925015434
T0163,REAR ADJUSTABLE ANTI-ROLL BAR MTX-4,STABISCHWERTER FÜR T0162,14.833500000000001,EUR,4944925015441
T0164,FRONT UPRIGHT 2° MTX-4 R,LENKHEBEL VA 2° MTX-4 R,4.8230000000000004,EUR,4944925016479
T0165,WHEEL HUB SPACER 1MM MTX-4 R,DISTANZSCHEIBEN 1MM FÜR FELGENAUFNAHME MTX-4 R,2.073,EUR,4944925016486
T0202,DIFF CUP JOINT,ANTRIEBSWELLENAUFNAHME DIFFERENTIAL,6.9932999999999996,EUR,4944925722028
T0207,DIFF GASKET,DICHTUNG FÜR DIFFERENTIALGEHÄUSE,3.0882999999999998,EUR,4944925722073
T0208,BELT S,ZAHNRIEMEN KURZ,7.3955000000000002,EUR,4944925722080
T0209,BELT L,ZAHNRIEMEN LANG,5.9889000000000001,EUR,4944925722097
T0210,O-RING SET,O-RINGE (5+10+2),4.0021000000000004,EUR,4944925722103
T0214,JOINT SHAFT,GELENKSTÜCK FÜR T0213,3.6069,EUR,4944925000263
T0214a,GELENKSTÜCK FÜR T0213,GELENKSTÜCK FÜR T0213,3.6069,EUR
T0215,JOINT PIN 2.0 X 9.8 (8 PCS),STIFT 2.0 X 9.8 FÜR GELENKSTÜCK (8 STK.),2.6015000000000001,EUR,4944925000270
T0219,FRONT HALF SHAFT FROM T0216,ANTRIEBSWELLENAUFNAHMEN AUS T0216,5.3372000000000002,EUR,4944925001543
T0220,DIFF. PULLEY,DIFF. RIEMENRAD-SET,5.72,EUR,4944925005527
T0221,PULLEY SET,RIEMENRAD-SET,5.5845000000000002,EUR,4944925005534
T0222,1ST GEAR 46T,ZAHNRAD 46 ZÄHNE 1.GANG,3.2113,EUR,4944925005541
T0223,1ST GEAR 47T,ZAHNRAD 47 ZÄHNE 1.GANG,3.1648000000000001,EUR,4944925005558
T0224,1ST GEAR 48T,ZAHNRAD 48 ZÄHNE 1.GANG,3.2578999999999998,EUR,4944925005565
T0225,2ND GEAR 42T,ZAHNRAD 42 ZÄHNE 2.GANG,3.6766000000000001,EUR,4944925005572
T0226,2ND GEAR 43T,ZAHNRAD 43 ZÄHNE 2.GANG,2.0478999999999998,EUR,4944925005589
T0227,2ND GEAR 44T,ZAHNRAD 44 ZÄHNE 2.GANG,3.2578999999999998,EUR,4944925005596
T0228,FRONT ONE-WAY DRIVE AXLE,VORDERACHSWELLE M. SPERRLAGERN,27.449400000000001,EUR,4944925005602
T0229,F/R AXLE SHAFT,RADACHSEN VA/HA (2),6.2954999999999997,EUR,4944925005619
T0230,F/R DRIVE SHAFT,ANTRIEBSWELLEN VA/HA (2),6.8033000000000001,EUR,4944925005626
T0231,MIDDLE SHAFT,MITTELWELLE,3.9260999999999999,EUR,4944925005633
T0232,2 SPEED SHAFT,GETRIEBEWELLE,4.1632999999999996,EUR,4944925005640
T0233,2 SPEED ADAPTOR,ADAPTER FÜR 2-GANG GETRIEBE,3.6173000000000002,EUR,4944925005657
T0235,1ST GEAR HOUSING,ZAHNRADAUFNAHME 1.GANG,19.0763,EUR,4944925005671
T0236,2ND GEAR HOUSING,ZAHNRADAUFNAHME 2.GANG,14.428800000000001,EUR,4944925005688
T0241,FRONT BELT,ZAHNRIEMEN KURZ VA,7.8776999999999999,EUR,4944925005701
T0242,SIDE BELT,ZAHNRIEMEN LANG,9.0837000000000003,EUR,4944925005718
T0243,S3 O-RING,O-RING S3,2.2336999999999998,EUR,4944925005725
T0244,S5 O-RING,O-RING S5,3.1181999999999999,EUR,4944925005732
T0245,FRONT UNIVERSAL JOINT SET,ANTRIEBSWELLEN MIT KARDANGELENK VA,45.32,EUR,4944925006272
T0246,F/R AXLE SHAFT,RADACHSEN MIT GELENKKAPPE,19.3261,EUR,4944925006289
T0247-B,FRONT DRIVE SHAFT,ANTRIEBSWELLEN,14.553900000000001,EUR,4944925039287
T0247-Ba,ANTRIEBSWELLEN,ANTRIEBSWELLEN,14.553900000000001,EUR
T0247,FRONT DRIVE SHAFT,ANTRIEBSWELLEN AUS T0245,20.916699999999999,EUR,4944925006296
T0250,REAR DRIVE SHAFT,ANTRIEBSWELLEN AUS T0249,20.3416,EUR,4944925006326
T0251,1ST. GEAR 58T (MODUL 0.8),ZAHNRAD 58 ZÄHNE 1.GANG (MODUL 0.8),4.4679000000000002,EUR,4944925007507
T0252,1ST. GEAR 59T (MODUL 0.8),ZAHNRAD 59 ZÄHNE 1.GANG (MODUL 0.8),4.6536999999999997,EUR,4944925007514
T0253,1ST. GEAR 60T (MODUL 0.8),ZAHNRAD 60 ZÄHNE 1.GANG (MODUL 0.8),4.7468000000000004,EUR,4944925007521
T0254,2ND. GEAR 52T (MODUL 0.8),ZAHNRAD 52 ZÄHNE 2.GANG (MODUL 0.8),4.4212999999999996,EUR,4944925007538
T0255,2ND. GEAR 53T (MODUL 0.8),ZAHNRAD 53 ZÄHNE 2.GANG (MODUL 0.8),4.3747999999999996,EUR,4944925007545
T0256,2ND. GEAR 54T (MODUL 0.8),ZAHNRAD 54 ZÄHNE 2.GANG (MODUL 0.8),4.7468000000000004,EUR,4944925007552
T0257,BELT TENSIONER PLATE,BEFESTIGUNGSPLATTE RIEMENSPANNER MTX-4,4.4000000000000004,EUR,4944925012075
T0258,DIFF. PULLEY,DIFF. RIEMENRAD-SET,5.9566999999999997,EUR,4944925012082
T0259,PULLEY SET,RIEMENRAD-SET,5.8894000000000002,EUR,4944925012099
T0261,REAR JOINT CUP,RADACHSEN HA,5.5845000000000002,EUR,4944925012112
T0263,MIDDLE SHAFT,MITTELWELLE,3.3506,EUR,4944925012136
T0264,REAR DRIVE SHAFT,ANTRIEBSWELLEN HA,6.3632999999999997,EUR,4944925012143
T0266,REAR BELT (URETHAN),ZAHNRIEMEN HA (URETHAN),7.3552,EUR,4944925012167
T0268,FRONT BELT (RUBBER),ZAHNRIEMEN KURZ VA (GUMMI),7.1138000000000003,EUR,4944925012181
T0268a,ZAHNRIEMEN KURZ VA (GUMMI),ZAHNRIEMEN KURZ VA (GUMMI),7.1138000000000003,EUR
T0269,REAR BELT (RUBBER),ZAHNRIEMEN HA (GUMMI),7.5564,EUR,4944925012198
T0269a,ZAHNRIEMEN HA (GUMMI),ZAHNRIEMEN HA (GUMMI),7.5564,EUR
T0270,SIDE BELT (RUBBER),ZAHNRIEMEN SEITE LANG  (GUMMI),7.8776999999999999,EUR,4944925012204
T0270a,ZAHNRIEMEN SEITE LANG  (GUMMI),ZAHNRIEMEN SEITE LANG  (GUMMI),7.8776999999999999,EUR
T0271,SPRING SET FOR 2 SPEED GEAR BOX,FEDERN UND ZUBEHÖR FÜR T0260,3.2021000000000002,EUR,4944925012211
T0273,REAR DRIVE SHAFT FROM T0274 MTX-4,ANTRIEBSWELLEN AUS T0274 MTX-4,21.289400000000001,EUR,4944925013164
T0273a,ANTRIEBSWELLEN AUS T0274 MTX-4,ANTRIEBSWELLEN AUS T0274 MTX-4,21.289400000000001,EUR
T0274,FRONT UNIVERSAL JOINT SET MTX-4,ANTRIEBSWELLEN MIT KARDANGELENK HA MTX-4,45.387799999999999,EUR,4944925013157
T0275,BELT TENSIONER PLATE MTX-4 R,BEFESTIGUNGSPLATTE RIEMENSPANNER MTX-4 R,6.4710999999999999,EUR,4944925014833
T0276,FRONT ONE-WAY DRIVE AXLE MTX-4 R,VORDERACHSWELLE M. SPERRLAGERN  MTX-4 R,26.9755,EUR,4944925016493
T0277,DIFF CUP JOINT MTX-4 R,ANTRIEBSWELLENAUFNAHME DIFFERENTIAL MTX-4 R,5.2634999999999996,EUR,4944925016509
T0278,P10A O-RING (5) MTX-4 R,O-RING P10A (5) MTX-4 R,2.2336999999999998,EUR,4944925016516
T0279,1ST. GEAR 58T MTX-4R NEW MAT.,ZAHNRAD 58 ZÄHNE 1.GANG MTX-4R NEU,3.6766000000000001,EUR,4944925017704
T0280,1ST. GEAR 59T MTX-4R NEW MAT.,ZAHNRAD 59 ZÄHNE 1.GANG MTX-4R NEU,5.0263,EUR,4944925017711
T0281,ST. GEAR 60T MTX-4R NEW MAT.,ZAHNRAD 60 ZÄHNE 1.GANG MTX-4R NEU,4.5605000000000002,EUR,4944925017728
T0282,1ST. GEAR 52T MTX-4R NEW MAT.,ZAHNRAD 52 ZÄHNE 2.GANG MTX-4R NEU,3.7698,EUR,4944925017735
T0283,1ST. GEAR 53T MTX-4R NEW MAT.,ZAHNRAD 53 ZÄHNE 2.GANG MTX-4R NEU,4.4679000000000002,EUR,4944925017742
T0284,1ST. GEAR 54T MTX-4R NEW MAT.,ZAHNRAD 54 ZÄHNE 2.GANG MTX-4R NEU,4.6536999999999997,EUR,4944925017759
T0285,2 SPEED GEAR BOX SHOE  MTX-4R NEW,BELÄGE FÜR 2-GANG GETRIEBE MTX-4R NEU,4.1196000000000002,EUR,4944925017681
T0286,SPRING SET FOR 2 SPEED GEAR BOX MTX-4R NEW,FEDERN UND ZUBEHÖR FÜR T0285 MTX-4R NEU,5.3372000000000002,EUR,4944925017698
T0305,SERVO SAVER SHAFT,SERVO SAVER DREHACHSE,3.4965999999999999,EUR,4944925005770
T0306,SERVO SAVER PIPE,SERVO SAVER FEDERAUFNAHME,5.4664000000000001,EUR,4944925005787
T0307,SERVO SAVER SPRING ADJUST,EINSTELLMUTTERN FÜR SERVO SAVER FEDER,2.6124999999999998,EUR,4944925005794
T0308,SERVO SAVER SPRING,SERVO SAVER FEDER,4.0616000000000003,EUR,4944925005800
T0309,RADIO PLATE,RADIOPLATTE CARBON MTX-4,38.347799999999999,EUR,4944925012235
T0310,SERVO SAVER ARM,SERVO SAVER KUNSTSTOFFTEILE,3.7463000000000002,EUR,4944925012242
T0311,TH SERVO MOUNT,GAS-SERVO-BEFESTIGUNGS SET MTX-4,4.3358999999999996,EUR,4944925012259
T0312,RADIO MOUNT PARTS,AKKU/EMPFÄNGER/TRANSPONDER-HALTER,7.8270999999999997,EUR,4944925012266
T0313,BRAKE CAM,BREMSEXZENTER,3.0552000000000001,EUR,4944925012273
T0314,BRAKE PAD MTX4 PTFE,BREMSBELÄGE PTFE MTX4,10.707100000000001,EUR,4944925012808
T0402,FRONT BUMPER PARTS,RAMMSCHUTZBEFEST./KAROSSERIEHALTER,7.3952,EUR,4944925724022
T0408,BODY MOUNT,KAROSSERIEBEFESTIGUNG,7.4882999999999997,EUR,4944925012280
T0409,FRONT BUMPER,RAMMSCHUTZ,9.1471999999999998,EUR,4944925012297
T0410,CHASSIS,CHASSIS MTX-4,44.952100000000002,EUR,4944925012303
T0411,FOAM BUMPER,RAMMSCHUTZ PU-SCHAUMSTOFF,4.0194000000000001,EUR,4944925012310
T0412,CHASSIS 4MM FOR MTX-4,CHASSIS 4MM MTX-4,55.105899999999998,EUR,4944925013461
T0504,DAMPER STAY SPACER,DISTANZSCHEIBEN F. DÄMPFER-BEFESTIGUNGSPLATTE,1.2694000000000001,EUR,4944925005848
T0505,FRONT DAMPER STAY,DÄMPFER-BEFESTIGUNGSPLATTE VA,9.3078000000000003,EUR,4944925012327
T0506,REAR DAMPER STAY,DÄMPFER-BEFESTIGUNGSPLATTE HA,12.083299999999999,EUR,4944925012334
T0507,FRONT DAMPER SET,STOßDÄMPFER SET VA MTX-4,33.435699999999997,EUR,4944925012341
T0508,REAR DAMPER STAY 4MM MTX-4,DÄMPFER-BEFESTIGUNGSPLATTE HA 4MM MTX-4,22.372199999999999,EUR,4944925013027
T0705,ENGINE MOUNT,MOTORBÖCKE,4.9755000000000003,EUR,4944925005855
T0706,FLYWHEEL,SCHWUNGSCHEIBE,11.333299999999999,EUR,4944925005862
T0708,1ST GEAR 16T (FOR A/T CLUTCH),RITZEL 16 ZÄHNE FÜR 1.GANG,8.4530999999999992,EUR,4944925005886
T0709,1ST GEAR 17T (FOR A/T CLUTCH),RITZEL 17 ZÄHNE FÜR 1.GANG,8.91,EUR,4944925005893
T0711,2ND GEAR 20T (FOR A/T CLUTCH),RITZEL 20 ZÄHNE FÜR 2.GANG,8.6056000000000008,EUR,4944925005916
T0712,2ND GEAR 21T (FOR A/T CLUTCH),RITZEL 21 ZÄHNE FÜR 2.GANG,9.4049999999999994,EUR,4944925005923
T0713,CLUTCH SET SYNTEC,KUPPLUNGSKIT SYNTEC,48.125,EUR,4944925005930
T0717,AL. ENGINE MOUNT (OPT),MOTORBÖCKE ALUMINIUM (OPT),17.6678,EUR,4944925006333
T0723,CLUTCH BELL MTX-4,KUPPLUNGS GLOCKE MTX-4,10.500999999999999,EUR,4944925012358
T0724,1ST. PINION GEAR 16T,RITZEL 16 ZÄHNE FÜR 1.GANG,7.26,EUR,4944925012365
T0725,1ST. PINION GEAR 17T,RITZEL 17 ZÄHNE FÜR 1.GANG,8.8238000000000003,EUR,4944925012372
T0726,1ST. PINION GEAR 18T,RITZEL 18 ZÄHNE FÜR 1.GANG,8.6437000000000008,EUR,4944925012389
T0727,2ND. PINION GEAR 21T,RITZEL 21 ZÄHNE FÜR 2.GANG,9.0625,EUR,4944925012396
T0728,2ND. PINION GEAR 22T,RITZEL 22 ZÄHNE FÜR 2.GANG,10.3569,EUR,4944925012402
T0729,2ND. PINION GEAR 23T,RITZEL 23 ZÄHNE FÜR 2.GANG,9.7094000000000005,EUR,4944925012419
T0730,2ND. PINION GEAR 24T,RITZEL 24 ZÄHNE FÜR 2.GANG,10.4331,EUR,4944925012426
T0731,1ST. PINION GEAR 16T (STEEL),"RITZEL 16 ZÄHNE FÜR 1.GANG, STAHL",7.8185000000000002,EUR,4944925012433
T0732,1ST. PINION GEAR 17T (STEEL),"RITZEL 17 ZÄHNE FÜR 1.GANG, STAHL",8.0044000000000004,EUR,4944925012440
T0733,1ST. PINION GEAR 18T (STEEL),"RITZEL 18 ZÄHNE FÜR 1.GANG, STAHL",8.1161999999999992,EUR,4944925012457
T0734,2ND. PINION GEAR 21T (STEEL),"RITZEL 21 ZÄHNE FÜR 2.GANG, STAHL",8.8238000000000003,EUR,4944925012464
T0735,2ND. PINION GEAR 22T (STEEL),"RITZEL 22 ZÄHNE FÜR 2.GANG, STAHL",8.0044000000000004,EUR,4944925012471
T0736,2ND. PINION GEAR 23T (STEEL),"RITZEL 23 ZÄHNE FÜR 2.GANG, STAHL",9.4937000000000005,EUR,4944925012488
T0737,2ND. PINION GEAR 24T (STEEL),"RITZEL 24 ZÄHNE FÜR 2.GANG, STAHL",8.3025000000000002,EUR,4944925012495
T0738,CLUTCH SET (MTX-4),KUPPLUNGSKIT SYNTEC MTX-4,51.441800000000001,EUR,4944925012501
T0739,CLUTCH SPRING ADJUST NUT,KUPPLUNGS EINSTELLMUTTER,3.1932999999999998,EUR,4944925012518
T0801,STEERING ROD,SPURSTANGEN,5.1406000000000001,EUR,4944925728013
T0802,ROLLER PIN SET,STIFTE-SET (8+3+2),3.2113,EUR,4944925728020
T0804,TITANIUM STEERING ROD,SPURSTANGEN TITAN,17.9343,EUR,4944925006357
T0808,FUEL TANK MTX-4,TANK 75CCM MIT SINTERFILTER MTX-4,11.7986,EUR,4944925012525
T0809,TITANIUM SCREW SET A MTX-4,SCHRAUBENSET TITAN OBEN MTX-4,43.445700000000002,EUR,4944925012983
T0810,TITANIUM SCREW SET B MTX-4,SCHRAUBENSET TITAN UNTEN MTX-4,10.365399999999999,EUR,4944925012990
T0902,MANIFOLD SPRING,KRÜMMERFEDERN,3.2757999999999998,EUR,4944925729027
T0904,WIRE FOR MUFFLER,RESOROHR-BEFESTIGUNGSDRAHT,2.7835999999999999,EUR,4944925005954
T1001,INSTRUCTION MANUAL MTX-5,BAUANLEITUNG MTX-5,2.9691999999999998,EUR,4944925024900
T1002,DECAL MTX-5,DEKORBOGEN MTX-5,3.6555,EUR,4944925024917
T1003,DECAL METALLIC MTX-5 (3),DEKORBOGEN SILBER MTX-5 (3),8.8678000000000008,EUR,4944925024993
T1004,INSTRUCTION MANUAL MTX-6,BAUANLEITUNG MTX-6,4.8461999999999996,EUR,4944925029851
T1005,DECAL MTX-6,DEKORBOGEN MTX-6,5.5167000000000002,EUR,4944925029844
T1006,INSTRUCTION MANUAL MTX-6,BAUANLEITUNG MTX-6R,4.4923999999999999,EUR,4944925033506
T1007,INSTRUCTION MANUAL MTX-7,BAUANLEITUNG MTX-7,3.7383999999999999,EUR,4944925039461
T1008,BAUANLEITUNG MTX-7R,BAUANLEITUNG MTX-7R,3.7383999999999999,EUR
T2101,FRONT BULK HEAD (1 PCS),ACHSBÖCKE VA MTX-5 (1STK),38.000700000000002,EUR,4944925023828
T2102,REAR BULK HEAD MTX-5 (1 PCS),ACHSBÖCKE HA MTX-5 (1 STK),35.068800000000003,EUR,4944925023835
T2103L-B,REAR UPPER BULK HEAD LEFT MTX-5 (1 PCS) NEW 2012,ACHSBÖCKE OBEN LINKS HA MTX-5 (1 STK) NEW 2012,17.363099999999999,EUR,4944925025327
T2103L,REAR UPPER BULK HEAD LEFT MTX-5 (1 PCS),ACHSBÖCKE OBEN LINKS HA MTX-5 (1 STK),12.1844,EUR,4944925023842
T2103R-B,REAR UPPER BULK HEAD RIGHT MTX-5 (1 PCS) NEW 2012,ACHSBÖCKE OBEN RECHTS HA MTX-5 (1 STK) NEW 2012,19.876200000000001,EUR,4944925025334
T2103R,REAR UPPER BULK HEAD RIGHT MTX-5 (1 PCS),ACHSBÖCKE OBEN RECHTS HA MTX-5 (1 STK),14.2407,EUR,4944925023859
T2104,MIDDLE SHAFT BRACKET,HALTER ANTRIEBSWELLE MITTE,19.1907,EUR,4944925023866
T2105,REAR LOWER ARM MOUNT TYPE A,QUERLENKERBEFESTIGUNG HA UNTEN TYP A,16.0366,EUR,4944925023873
T2106-B,REAR LOWER ARM MOUNT TYPE B,QUERLENKERBEFESTIGUNG HA UNTEN TYP B,13.0223,EUR,4944925029905
T2106,REAR LOWER ARM MOUNT TYPE B,QUERLENKERBEFESTIGUNG HA UNTEN TYP B,16.518799999999999,EUR,4944925023880
T2107L,2-SPEED SHAFT BRACKET LEFT,HALTER LINKS ANTRIEBSWELLE 2-GANG,11.2707,EUR,4944925023897
T2107R,2-SPEED SHAFT BRACKET RIGHT,HALTER RECHTS ANTRIEBSWELLE 2-GANG,10.2807,EUR,4944925023903
T2108,FRONT LOWER ARM HOLDER,QUERLENKERHALTER UNTEN VA,4.0190999999999999,EUR,4944925023910
T2109a,FRONT UPRIGHT UPPER PLATE A,LENKHEBEL VA - OBERE PLATTE TYP A,13.424099999999999,EUR,4944925044588
T2110-Ba,FRONT UPRIGHT ARM,ACHSSCHENKEL VA - LENKHEBEL,7.1416000000000004,EUR,4944925044595
T2110,FRONT UPRIGHT ARM,ACHSSCHENKEL VA - LENKHEBEL,8.0215999999999994,EUR,4944925023934
T2111-B,REAR UPPER ARM MOUNT PLATE NEW 2012,QUERLENKERBEFESTIGUNG HA OBEN MTX-5 NEW 2012,16.381599999999999,EUR,4944925025426
T2111,REAR UPPER ARM MOUNT PLATE,QUERLENKERBEFESTIGUNG HA OBEN MTX-5,11.5078,EUR,4944925023965
T2112-Ba,"FRONT ANTI-ROLL BAR 2,4 MM","STABILISATOR VA (2,4 MM)",4.5606999999999998,EUR,4944925040276
T2112,FRONT ANTI-ROLL BAR (2.4 MM),"STABILISATOR VA (2,4 MM)",4.9165000000000001,EUR,4944925023958
T2113a,"REAR ANTI-ROLL BAR 2,4 MM","STABILISATOR HA (2,4 MM)",4.62,EUR,4944925040283
T2114a,ANTI-ROLL BAR STOPPER,STABILISATOR STELLRING,7.7972999999999999,EUR,4944925044601
T2115a,ANTI-ROLL BAR LINK BALL,STABILISATOR KUGELKOPF,4.0243000000000002,EUR,4944925044618
T2116a,PIVOT BALL 2 PCS,KUGELKÖPFE (2),3.5385,EUR,4944925044625
T2117a,ADJUST NUT S,EINSTELLMUTTER (2),6.2298,EUR,4944925044649
T2118-Ba,FRONT LOWER ARM MTX-6R,QUERLENKER VA UNTEN MTX-6R,6.6718000000000002,EUR,4944925044656
T2118,FRONT LOWER ARM MTX-5,QUERLENKER VA UNTEN MTX-5,5.9889000000000001,EUR,4944925024016
T2119-Ba,REAR LOWER ARM MTX-6R,QUERLENKER HA UNTEN MTX-6R,6.6718000000000002,EUR,4944925044663
T2119,REAR LOWER ARM MTX-5,QUERLENKER HA UNTEN MTX-5,5.7877000000000001,EUR,4944925024023
T2120-B,FRON UPPER ARM MTX-6,QUERLENKER VA OBEN MTX-6,6.4711999999999996,EUR,4944925029912
T2120,FRON UPPER ARM MTX-5,QUERLENKER VA OBEN MTX-5,7.2747999999999999,EUR,4944925024030
T2121a,FRONT UPRIGHT,LENKHEBEL VA  MTX-5,4.2605000000000004,EUR,4944925044670
T2122-Ba,REAR UPRIGHT,ACHSSCHENKEL HA MTX-6R,5.1848000000000001,EUR,4944925044687
T2122,REAR UPRIGHT,ACHSSCHENKEL HA,4.2605000000000004,EUR,4944925024054
T2124-B,FRONT LOWER ARM MOUNT,QUERLENKERBEFESTIGUNG VA UNTEN MTX-6,6.8959000000000001,EUR,4944925029929
T2124-Ca,FRONT LOWER ARM MOUNT,QUERLENKERBEFESTIGUNG VA UNTEN MTX-7,6.5198,EUR,4944925044694
T2124,FRONT LOWER ARM MOUNT,QUERLENKERBEFESTIGUNG VA UNTEN MTX-5,5.9653,EUR,4944925024078
T2125a,FRONT LOWER SUS SHAFT,DREHACHSEN QUERLENKER VA UNTEN,4.1040999999999999,EUR,4944925044700
T2126,FRONT UPPER SUS SHAFT,DREHACHSEN QUERLENKER VA OBEN,3.173,EUR,4944925024092
T2127a,REAR LOWER SUS SHAFT,DREHACHSEN QUERLENKER HA UNTEN,3.8923999999999999,EUR,4944925044717
T2128a,FRONT UPRIGHT DISC,AERODYNAMIK-SCHEIBEN LENKHEBEL VA MTX-5,21.1539,EUR,4944925044724
T2129a,REAR UPRIGHT DISC,AERODYNAMIK-SCHEIBEN ACHSSCHENKEL HA MTX-5,21.1539,EUR,4944925044731
T2130,AL. WHEEL HUB,FELGENAUFNAHMEN ALU MTX-5,12.5802,EUR,4944925024139
T2131,FRONT UPRIGHT UPPER PLATE B,LENKHEBELBEFESTIGUNG B OBEN MTX5,13.2888,EUR,4944925024771
T2132,FRONT UPRIGHT UPPER PLATE C,LENKHEBELBEFESTIGUNG C OBEN MTX5,15.6348,EUR,4944925024719
T2133-Ba,"FRONT ANTI-ROLL BAR 2,2 MM","STABILISATOR VA 2,2 MM",4.7385999999999999,EUR,4944925040290
T2133,"FRONT ANTI-ROLL BAR 2,2 MM","STABILISATOR VA 2,2 MM",4.8571999999999997,EUR,4944925024726
T2134-Ba,"FRONT ANTI-ROLL BAR 2,3 MM","STABILISATOR VA 2,3 MM",5.1528,EUR,4944925040306
T2134,"FRONT ANTI-ROLL BAR 2,3 MM","STABILISATOR VA 2,3 MM",4.8571999999999997,EUR,4944925024733
T2135-Ba,"FRONT ANTI-ROLL BAR 2,5 MM","STABILISATOR VA 2,5 MM",4.7385999999999999,EUR,4944925040313
T2135,"FRONT ANTI-ROLL BAR 2,5 MM","STABILISATOR VA 2,5 MM",4.8571999999999997,EUR,4944925024740
T2136a,"REAR ANTI-ROLL BAR 2,2 MM","STABILISATOR HA 2,2 MM",4.8571999999999997,EUR,4944925040320
T2137a,"REAR ANTI-ROLL BAR 2,3 MM","STABILISATOR HA 2,3 MM",4.8571999999999997,EUR,4944925040337
T2138a,"REAR ANTI-ROLL BAR 2,5 MM","STABILISATOR HA 2,5 MM",4.8571999999999997,EUR,4944925040344
T2139,FRONT BULK HEAD (1 PCS),ACHSBÖCKE VA MTX-6 (1STK),35.221200000000003,EUR,4944925029936
T2139a,ACHSBÖCKE VA MTX-6 (1STK),ACHSBÖCKE VA MTX-6 (1STK),35.221200000000003,EUR
T2140L,REAR BULK HEAD L (1 PCS),ACHSBÖCKE HA LINKS MTX-6 (1STK),39.904400000000003,EUR,4944925029943
T2140R,REAR BULK HEAD R (1 PCS),ACHSBÖCKE HA RECHTS MTX-6 (1STK),50.033099999999997,EUR,4944925029950
T2141L,REAR BULK HEAD LEFT MTX-6 (1 PCS),ACHSBÖCKE LINKS HA MTX-6 (1 STK),14.8119,EUR,4944925029967
T2141R,REAR BULK HEAD RIGHT MTX-6 (1 PCS),ACHSBÖCKE RECHTS HA MTX-6 (1 STK),13.821899999999999,EUR,4944925029974
T2142L,2-SPEED SHAFT BRACKET LEFT  MTX-6,HALTER LINKS ANTRIEBSWELLE 2-GANG MTX-6,13.821899999999999,EUR,4944925029981
T2142R,2-SPEED SHAFT BRACKET RIGHT MTX-6,HALTER RECHTS ANTRIEBSWELLE 2-GANG MTX-6,16.791899999999998,EUR,4944925029998
T2143,BULK BRACE MTX-6,BULK BRACE MTX-6,11.7784,EUR,4944925030000
T2144-Ba,"FRONT ANTI-ROLL BAR 2,0 MM","STABILISATOR VA 2,0 MM",5.2121000000000004,EUR,4944925040351
T2144,"FRONT ANTI-ROLL BAR 2,0 MM","STABILISATOR VA 2,0 MM",5.3307000000000002,EUR,4944925030291
T2145-Ba,"FRONT ANTI-ROLL BAR 2,1 MM","STABILISATOR VA 2,1 MM",5.5086000000000004,EUR,4944925040368
T2145,"FRONT ANTI-ROLL BAR 2,1 MM","STABILISATOR VA 2,1 MM",7.2264999999999997,EUR,4944925030307
T2146a,"REAR ANTI-ROLL BAR 2,0 MM","STABILISATOR HA 2,0 MM",5.9227999999999996,EUR,4944925040375
T2147a,"REAR ANTI-ROLL BAR 2,1 MM","STABILISATOR HA 2,1 MM",6.5743,EUR,4944925040382
T2148a,ALUMINIUM PIVOT BALL 7MM (2 PCS),KUGELKOPF ALUMINIUM 7MM (VE 2 STK.),4.6836000000000002,EUR,4944925044748
T2149L,REAR BULK HEAD LEFT MTX-6R (1 PCS),ACHSBÖCKE LINKS HA MTX-6 R(1 STK),13.7075,EUR,4944925033513
T2149R,REAR BULK HEAD RIGHT MTX-6 (1 PCS),ACHSBÖCKE RECHTS HA MTX-6 (1 STK),13.7075,EUR,4944925033520
T2150,BULK BRACE MTX-6R,BULK BRACE MTX-6R,10.5939,EUR,4944925033575
T2151,REAR DAMPER LINK MOUNT,SPURSTANGEN HALTERUNG HA MTX-6R,12.2254,EUR,4944925033582
T2152,REAR LOWER BULK HEAD,ACHSBÖCKE HA UNTEN,30.613800000000001,EUR,4944925039171
T2153L,REAR BULK HEAD LEFT MTX-7 (1 PCS),ACHSBÖCKE LINKS HA MTX-7 (1 STK),21.3231,EUR,4944925039188
T2153La,ACHSBÖCKE LINKS HA MTX-7 (1 STK),ACHSBÖCKE LINKS HA MTX-7 (1 STK),21.3231,EUR
T2153R,REAR BULK HEAD RIGHT MTX-7 (1 PCS),ACHSBÖCKE RECHTS HA MTX-7 (1 STK),21.3231,EUR,4944925039195
T2153Ra,ACHSBÖCKE RECHTS HA MTX-7 (1 STK),ACHSBÖCKE RECHTS HA MTX-7 (1 STK),21.3231,EUR
T2154L,2-SPEED SHAFT BRACKET LEFT  MTX-7,HALTER LINKS ANTRIEBSWELLE 2-GANG MTX-7,33.126899999999999,EUR,4944925039201
T2154La,HALTER LINKS ANTRIEBSWELLE 2-GANG MTX-7,HALTER LINKS ANTRIEBSWELLE 2-GANG MTX-7,33.126899999999999,EUR
T2154R,2-SPEED SHAFT BRACKET RIGHT MTX-7,HALTER RECHTS ANTRIEBSWELLE 2-GANG MTX-7,34.878700000000002,EUR,4944925039218
T2154Ra,HALTER RECHTS ANTRIEBSWELLE 2-GANG MTX-7,HALTER RECHTS ANTRIEBSWELLE 2-GANG MTX-7,34.878700000000002,EUR
T2155,GEAR SHAFT BULKHEAD BRAKE CAM INSERT,BREMSHEBEL EINSATZ,12.941800000000001,EUR,4944925039225
T2155a,BREMSHEBEL EINSATZ,BREMSHEBEL EINSATZ,12.941800000000001,EUR
T2156a,BULK BRACE MTX-7,BULK BRACE MTX-7,10.390599999999999,EUR,4944925044755
T2157Aa,FRONT UPPER ARM  BRACKET,BRÜCKE VA,23.874099999999999,EUR,4944925044762
T2157B,FLAT NUT M3,MUTTER ABGEFLACHT M3,5.2674000000000003,EUR,4944925039256
T2158a,ANTI-ROLL BAR LINK BALL,STABILISATOR KUGELKOPF,7.6669999999999998,EUR,4944925044779
T2159,KING PIN BALL (2 PCS),KUGELBOLZEN,7.6669999999999998,EUR,4944925039270
T2160,REAR LOWER BULK HEAD MTX7R,ACHSBÖCKE HA UNTEN MTX7R,30.613800000000001,EUR,494492590288
T2161-20,"REAR ANTI-ROLL BAR 2,0 MM MTX-7R","STABILISATOR HA 2,0 MM MTX-7R",5.3550000000000004,EUR,494492590292
T2161-21,"REAR ANTI-ROLL BAR 2,1 MM MTX-7R","STABILISATOR HA 2,1 MM MTX-7R",5.3550000000000004,EUR,494492590293
T2161-22,"REAR ANTI-ROLL BAR 2,2 MM MTX-7R","STABILISATOR HA 2,2 MM MTX-7R",5.3550000000000004,EUR,494492590294
T2161-23,"REAR ANTI-ROLL BAR 2,3 MM MTX-7R","STABILISATOR HA 2,3 MM MTX-7R",5.3550000000000004,EUR,494492590295
T2201-B,DIFF CASE MTX-5 NEW 2012,DIFFERENTIALGEHÄUSE MTX-5 NEW 2012,8.6305999999999994,EUR,4944925025433
T2201-C,DIFF CASE MTX-6,DIFFERENTIALGEHÄUSE MTX-6,7.8334999999999999,EUR,4944925030017
T2201-Da,DIFF CASE MTX,DIFFERENTIALGEHÄUSE MTX,8.3686000000000007,EUR,4944925044786
T2201,DIFF CASE MTX-5,DIFFERENTIALGEHÄUSE MTX-5,7.3193999999999999,EUR,4944925024146
T2202a,PULLEY SET MTX5,RIEMENRAD SET MTX-5,5.8894000000000002,EUR,4944925044793
T2203a,DIFF GEAR W/O-RING,DIFFERENTIAL-ZAHNRÄDER OHNE O-RINGE KUNSTSTOFF,6.7481999999999998,EUR,4944925044809
T2204,DIFF PACKING (4),DIFFERENTIAL-GEHÄUSEDICHTUNG (4),4.9077000000000002,EUR,4944925024177
T2205a,DIFF. SHAFT,DIFF WELLEN,4.9077999999999999,EUR,4944925044816
T2206,DIFF CUP JOINT,DIFF MITNEHMER (LANG/KURZ SET),7.2093999999999996,EUR,4944925024191
T2206B,DIFF CUP JOINT,DIFF MITNEHMER,7.1416000000000004,EUR,4944925039300
T2207,MIDDLE SHAFT,MITTELWELLE MTX-5,4.2645,EUR,4944925024207
T2208,2-SPEED SHAFT,GETRIEBEWELLE MTX-5,7.6833,EUR,4944925024214
T2209,PULLEY ADAPTER FOR 20T,RIEMENRADAUFNAHME 20Z MTX-5,6.7119999999999997,EUR,4944925024221
T2210,BELT TENSIONER PLATE,BEFESTIGUNGSPLATTE RIEMENSPANNER MTX5,6.2278000000000002,EUR,4944925024238
T2211,2 SPEED ADAPTOR,ADAPTER FÜR 2-GANG GETRIEBE,4.6623000000000001,EUR,4944925024245
T2212a,2 SPEED GEAR BOX SHOE,BELÄGE FÜR 2-GANG GETRIEBE,4.8507999999999996,EUR,4944925044823
T2213,1ST GEAR HOUSING,ZAHNRADAUFNAHME 1.GANG,23.070499999999999,EUR,4944925024269
T2214,2ST GEAR HOUSING,ZAHNRADAUFNAHME 2.GANG,13.424099999999999,EUR,4944925024276
T2215-B,BRAKE DISC ADAPTER NEW 2012,BREMSSCHEIBEN ADAPTER NEW 2012,10.0884,EUR,4944925025440
T2216,1ST. GEAR 52T,ZAHNRAD 52 ZÄHNE 1.GANG,6.0965999999999996,EUR,4944925024290
T2217,1ST. GEAR 53T,ZAHNRAD 53 ZÄHNE 1.GANG,6.1432000000000002,EUR,4944925024306
T2218,1ST. GEAR 54T,ZAHNRAD 54 ZÄHNE 1.GANG,6.05,EUR,4944925024313
T2219,2ND. GEAR 47T,ZAHNRAD 47 ZÄHNE 2.GANG,6.0965999999999996,EUR,4944925024320
T2220,2ND. GEAR 48T,ZAHNRAD 48 ZÄHNE 2.GANG,6.0965999999999996,EUR,4944925024337
T2221,2ND. GEAR 49T,ZAHNRAD 49 ZÄHNE 2.GANG,6.1432000000000002,EUR,4944925024344
T2222,UNIVERSAL JOINT SET MTX-5,ANTRIEBSWELLEN MIT KARDANGELENK MTX-5,30.292200000000001,EUR,4944925024351
T2223,AXLE SHAFT (2),ANTRIEBSWELLEN MTX (2),13.8767,EUR,4944925024368
T2224,SPRING FOR 2 SPEED GEAR BOX,FEDERN UND ZUBEHÖR FÜR T2212,8.4288000000000007,EUR,4944925024382
T2225,ROLLER PIN (B2X11.8) 10PCS,STIFT 2 X 11.8 (10),4.2816000000000001,EUR,4944925024825
T2226,DIFF GEAR WASHER,SCHEIBEN FÜR DIFFERENTIAL,5.8300999999999998,EUR,4944925024986
T2227a,DIFF GEAR W/O-RING STEEL,DIFFERENTIAL-ZAHNRÄDER OHNE O-RINGE STAHL,9.0097000000000005,EUR,4944925044830
T2228,DIFF. SHAFT STEEL NEW 2011,DIFF WELLEN NEU 2011,2.6061000000000001,EUR,4944925025303
T2229,"ROLLER PIN (3 X 9,6)","STIFT 3 X 9,6",4.2816000000000001,EUR,4944925025488
T2230a,1ST. SPUR GEAR 52T,ZAHNRAD 52 ZÄHNE 1.GANG,5.6313000000000004,EUR,4944925044847
T2231a,1ST. SPUR GEAR 53T,ZAHNRAD 53 ZÄHNE 1.GANG,5.6313000000000004,EUR,4944925044854
T2232a,1ST. SPUR GEAR 54T,ZAHNRAD 54 ZÄHNE 1.GANG,5.6313000000000004,EUR,4944925044861
T2233,2ND. SPUR GEAR 47T,ZAHNRAD 47 ZÄHNE 2.GANG,6.1898,EUR,4944925026720
T2234,2ND. SPUR GEAR 48T,ZAHNRAD 48 ZÄHNE 2.GANG,6.1898,EUR,4944925026737
T2235,2ND. SPUR GEAR 49T,ZAHNRAD 49 ZÄHNE 2.GANG,6.1898,EUR,4944925026744
T2236,BELT TENSIONER PLATE,BEFESTIGUNGSPLATTE RIEMENSPANNER MTX6,11.812200000000001,EUR,4944925030024
T2237,PULLEY ADAPTER,RIEMENRADAUFNAHME MTX-6,8.1990999999999996,EUR,4944925030031
T2238a,2ND. SPUR GEAR 47T,ZAHNRAD 47 ZÄHNE 2.GANG,5.6313000000000004,EUR,4944925044878
T2239a,2ND. SPUR GEAR 48T,ZAHNRAD 48 ZÄHNE 2.GANG,5.6313000000000004,EUR,4944925044885
T2240a,2ND. SPUR GEAR 49T,ZAHNRAD 49 ZÄHNE 2.GANG,5.6313000000000004,EUR,4944925044892
T2241a,AL. AXLE SHAFT MTX6R,ANTRIEBSWELLEN ALUMINIUM MTX (2),13.064500000000001,EUR,4944925044908
T2242,Adjustable Front Oneway,Starrachse MTX sperrwirkung einstellbar,54.989699999999999,EUR,4944925038822
T2245,Outdrive Adjustable Oneway,Starrachse Mitnehmer MTX sperrwirkung einstellbar,9.0706000000000007,EUR,4944925038839
T2246,AXLE SHAFT MTX7R (2),ANTRIEBSWELLEN MTX7R (2),13.8767,EUR,494492590289
T2247,AL. WHEEL HUB (5mm) MTX7R,FELGENAUFNAHMEN ALU MTX-7R 5mm,12.5802,EUR,494492590290
T2301,RADIO PLATE,RADIOPLATTE,55.643300000000004,EUR,4944925024399
T2302,SERVO SAVER SHAFT,SERVO SAVER DREHACHSE,7.0339,EUR,4944925024405
T2303-B,SERVO SAVER ARM,SERVO SAVER KUNSTSTOFFTEILE,9.1952999999999996,EUR,4944925030079
T2303-Ca,SERVO SAVER PARTS,SERVO SAVER KUNSTSTOFFTEILE,9.0984999999999996,EUR,4944925044915
T2303,SERVO SAVER ARM,SERVO SAVER KUNSTSTOFFTEILE,5.7958999999999996,EUR,4944925024412
T2304,SERVO SAVER SPRING,SERVO SAVER FEDER,1.6921999999999999,EUR,4944925024429
T2305,BRAKE PISTON,BREMSKOLBEN,4.7427000000000001,EUR,4944925024436
T2306-Ba,SERVO SAVER UPPER MOUNT,SERVO SAVER BEFESTIGUNG,9.1952999999999996,EUR,4944925044922
T2307,POST FOR SERVO SAVER UPPER MOUNT,ABSTANDSHALTER SERVO SAVER BEFESTIGUNG,3.0143,EUR,4944925024450
T2308-Ba,RC MODULE,RC-MODUL KUNSTSTOFFTEILE,10.8499,EUR,4944925044939
T2308,RC MODULE,RC-MODUL KUNSTSTOFFTEILE MTX-5,10.027100000000001,EUR,4944925024467
T2309,BRAKE PAD SHAFT,BREMSPLATTEN FÜHRUNGSHÜLSE,3.6806000000000001,EUR,4944925024474
T2310,RADIO PLATE,RADIOPLATTE,66.507800000000003,EUR,4944925030109
T2311,RADIO BRACE,RADIOPLATTE STREBE,7.2093999999999996,EUR,4944925030116
T2312,BRAKE DISC MTX-6,BREMSSCHEIBE MTX-6,12.764900000000001,EUR,4944925030123
T2313,BRAKE PAD,BREMSBELÄGE MTX-6,16.205400000000001,EUR,4944925030130
T2314,BRAKE CAM & PISTON,BREMSKOLBEN,6.2298,EUR,4944925030147
T2316a,SERVO SAVER SHAFT,SERVO SAVER DREHACHSE,4.2202000000000002,EUR,4944925044946
T2317a,SERVO SAVER PIPE,SERVO SAVER FEDERAUFNAHME,7.9180000000000001,EUR,4944925044953
T2318a,SERVO SAVER UPPER PART,SERVO SAVER HEBEL A,16.559100000000001,EUR,4944925044960
T2319a,SERVO SAVER LOWER PART,SERVO SAVER HEBEL B,24.8386,EUR,4944925044977
T2401,CHASSIS MTX-5,CHASSIS MTX-5,60.584699999999998,EUR,4944925024481
T2402-Ba,FRONT BUMPER / BODY MOUNT PLATE,RAMMSCHUTZ / KAROSSERIEBEF.PLATTE MTX-6R,9.8277999999999999,EUR,4944925044984
T2403,SLIDING WEIGHT PARTS,VERSCHIEBBARES GEWICHT MTX-5,18.2136,EUR,4944925024504
T2404,FOAM BUMPER,FRONTRAMMER SCHAUMSTOFF MTX-5,3.5118,EUR,4944925024511
T2405a,FRONT BODY BRACE,KAROSSERIEHALTER STREBE VORNE,15.0616,EUR,4944925044991
T2406a,REAR BODY BRACE,KAROSSERIEHALTER STREBE HINTEN,16.72,EUR,4944925045004
T2407,"""""HIGH TRACTION"" CHASSIS MTX-5","""""HIGH TRACTION"" CHASSIS MTX-5",65.217399999999998,EUR,4944925026843
T2408,CHASSIS MTX-6,CHASSIS MTX-6,55,EUR,4944925030154
T2409,CHASSIS MTX-6R,CHASSIS MTX-6R,45.861499999999999,EUR,4944925033537
T2410,FRONT WEIGHT 26G,GEWICHT VORNE MTX-6R 26G,13.3911,EUR,4944925033612
T2411a,CENTER WEIGHT MTX-6R,GEWICHT MITTE MTX-6R,13.079000000000001,EUR,4944925045011
T2412,FRONT WEIGHT 15G,GEWICHT VA MTX-6R 15G,13.252599999999999,EUR,4944925033636
T2413,CHASSIS MTX-7,CHASSIS MTX-7,49.246200000000002,EUR,4944925039355
T2414-Ba,RADIO PLATE,RADIOPLATTE,48.154600000000002,EUR,4944925045028
T2414,RADIO PLATE,RADIOPLATTE,48.154600000000002,EUR,4944925039362
T2415,CHASSIS MTX-7R,CHASSIS MTX-7R,49.246200000000002,EUR
T2501,FRONT DAMPER STAY,DÄMPFER BEFESTIGUNGSPLATTE VA MTX-5,11.9816,EUR,4944925024528
T2502,REAR DAMPER STAY,DÄMPFER BEFESTIGUNGSPLATTE HA MTX-5,34.049399999999999,EUR,4944925024535
T2503a,FRONT DAMPER STAY,DÄMPFER BEFESTIGUNGSPLATTE VA MTX-6,10.0184,EUR,4944925045035
T2504,REAR DAMPER STAY,DÄMPFER BEFESTIGUNGSPLATTE HA MTX-6,27.144500000000001,EUR,4944925030178
T2505,FRONT SPRING (SILVER) HARD,DÄMPFER-FEDERN VA SILBER HART,8.2243999999999993,EUR,4944925030185
T2506,REAR SPRING (SILVER) HARD,DÄMPFER-FEDERN HA SILBER HART,8.2243999999999993,EUR,4944925030192
T2507,FRONT SPRING (BLACK) MEDIUM,DÄMPFER-FEDERN VA SCHWARZ MEDIUM,8.6056000000000008,EUR,4944925030369
T2508,REAR SPRING (BLACK) MEDIUM,DÄMPFER-FEDERN HA SCHWARZ MEDIUM,8.6056000000000008,EUR,4944925030376
T2509,FRONT SPRING (YELLOW) SOFT,DÄMPFER-FEDERN VA GELB SOFT,8.6056000000000008,EUR,4944925030451
T2510,REAR SPRING (YELLOW) SOFT,DÄMPFER-FEDERN HA GELB SOFT,8.6056000000000008,EUR,4944925030468
T2511a,FRONT DAMPER STAY MTX-6R,DÄMPFER BEFESTIGUNGSPLATTE VA MTX-6R,10.5939,EUR,4944925045042
T2512a,REAR DAMPER STAY,DÄMPFER BEFESTIGUNGSPLATTE HA MTX-7,28.566099999999999,EUR,4944925045059
T2601-1,BEARING SET 10X15X4 LOW FRICTION,KUGELLAGER (10X15X4)  (10) LOW FRICTION,27.4955,EUR,4944925034190
T2601-1a,KUGELLAGER (10X15X4)  (10) LOW FRICTION,KUGELLAGER (10X15X4)  (10) LOW FRICTION,27.4955,EUR,4944925046698
T2601,10X15X4 BEARING LOW FRICTION,KUGELLAGER (10X15X4) LOW FRICTION,7.8135000000000003,EUR,4944925034183
T2601a,KUGELLAGER (10X15X4) LOW FRICTION,KUGELLAGER (10X15X4) LOW FRICTION,7.8135000000000003,EUR,4944925046681
T2701,ENGINE MOUNT,MOTORBÖCKE MTX-5,18.3445,EUR,4944925024542
T2701a,MOTORBÖCKE MTX-5,MOTORBÖCKE MTX-5,18.3445,EUR
T2702,FLY WHEEL,SCHWUNGSCHEIBE MTX-5,9.7052999999999994,EUR,4944925024559
T2703,CENTRIFUGAL SHOE,KUPPLUNGS-FLIEHGEWICHTE,6.8250000000000002,EUR,4944925024566
T2704,AL. PRESSURE PLATE,KUPPLUNGS DRUCKPLATTE ALUMINIUM,6.3865999999999996,EUR,4944925024573
T2705,CLUTCH SHOE,KUPPLUNGS BELAG MTX-5,6.6992000000000003,EUR,4944925024580
T2706,CLUTCH BELL,KUPPLUNGSGLOCKE MTX-5,13.881,EUR,4944925024597
T2707,THRUST BEARING STOPPER,DRUCKLAGERAUFNAHME,1.9722999999999999,EUR,4944925024603
T2708a,1ST SPEED GEAR 14T,RITZEL 14 ZÄHNE 1.GANG,12.1844,EUR,4944925045066
T2709a,1ST SPEED GEAR 15T,RITZEL 15 ZÄHNE 1.GANG,12.3369,EUR,4944925045073
T2710,2ND SPEED GEAR 19T,RITZEL 19 ZÄHNE 2.GANG,11.727499999999999,EUR,4944925024634
T2711,2ND SPEED GEAR 20T,RITZEL 20 ZÄHNE 2.GANG,12.070600000000001,EUR,4944925024641
T2712,2ND SPEED GEAR 21T,RITZEL 21 ZÄHNE 2.GANG,11.1187,EUR,4944925024658
T2713,TAPER CONE,KONUS,3.2021000000000002,EUR,4944925024665
T2714,CLUTCH SET FOR MTX-5,KUPPLUNGSKIT  MTX-5,44.126800000000003,EUR,4944925024672
T2715,ONE PIECE ENGINE MOUNT FOR T2407,"MOTORBOCK ""EINTEILIG"" FÜR T2407",38.956699999999998,EUR,4944925026850
T2716,CLUTCH BELL,KUPPLUNGSGLOCKE MTX-6,12.874000000000001,EUR,4944925030208
T2717a,2ND SPEED GEAR 19T,RITZEL 19 ZÄHNE 2.GANG,10.3569,EUR,4944925045080
T2718a,2ND SPEED GEAR 20T,RITZEL 20 ZÄHNE 2.GANG,10.5093,EUR,4944925045097
T2719a,2ND SPEED GEAR 21T,RITZEL 21 ZÄHNE 2.GANG,9.9,EUR,4944925045103
T2720,CLUTCH SPRING,KUPPLUNGS-FEDER,7.7,EUR,4944925030246
T2721,CLUTCH SET FOR MTX-6 INCLUDING BALL BEARINGS,KUPPLUNGSKIT  MTX-6 INCL. LAGER,91.8964,EUR,4944925030390
T2722,CLUTCH BELL ALUMINUM,KUPPLUNGSGLOCKE ALUMINIUM MTX-6,13.881,EUR,4944925033650
T2723,CLUTCH SET FOR MTX-6R,KUPPLUNGSKIT  MTX-6R,57.453899999999997,EUR,4944925033667
T2723b,KUPPLUNGSKIT  MTX-6R,KUPPLUNGSKIT  MTX-6R,57.453899999999997,EUR,4944925045110
T2724,CLUTCH SPRING TG MTX7,KUPPLUNGS-FEDER TG MTX7,6.6424000000000003,EUR,4944925040047
T2725,CENTRIFUGAL SHOE TG MTX-7,KUPPLUNGS-FLIEHGEWICHTE TG,9.9246999999999996,EUR,4944925040191
T2801a,FUEL TANK MTX-5/6,TANK MTX-5/6,15.3171,EUR,4944925045127
T2802,TURN BUCKLE ROD M4,EINSTELLGESTÄNGE RE/LI M4,5.9019000000000004,EUR,4944925030253
T2803a,UNIBALL TYPE 1,KUGELKOPF,6.7302999999999997,EUR,4944925045134
T2804L-B,BALL LINK SET (LONG),Kugelpfannen lang,4.2521000000000004,EUR,4944925040450
T2804S-B,BALL LINK SET (SHORT),Kugelpfannen kurz,3.649,EUR,4944925040443
T2805a,AL. PIVOT BALL 6MM (also replacement for H0867),KUGELKOPF 6MM  (ersetzt H0867),7.7365000000000004,EUR,4944925045141
T2806,TITANIUM SCREW SET MTX-6,SCHRAUBENSET TITAN  MTX-6,76.733599999999996,EUR,4944925030543
T2901,MUFFLER STAY MTX-5,RESO ROHR HALTER MTX-5,5.1528,EUR,4944925025006
